original_text,urls,phones,emails,dates,prices,anonymized_text,clean_text,tokens,lemmas
С  карты списали деньги два раза за одно БРОНИРОВАНИЕ. стоимость: 45 997 Рублей | звонить: +7 934 194 3340,[],"[""+7 934 194 3340""]",[],[],"[""45 997 рублей""]",с карты списали деньги два раза за одно бронирование стоимость [PRICE] звонить [PHONE],с карты списали деньги два раза за одно бронирование стоимость звонить ,"[""карты"", ""деньги"", ""два"", ""бронирование""]","[""карта"", ""деньга"", ""два"", ""бронирование""]"
С карты списали деньги два раза за одно бронирование. звонить: +7 (935) 165-89-93; сумма: 124537р,[],"[""+7 935 165-89-93""]",[],[],"[""124537р""]",с карты списали деньги два раза за одно бронирование звонить [PHONE] сумма [PRICE],с карты списали деньги два раза за одно бронирование звонить сумма ,"[""карты"", ""деньги"", ""два"", ""бронирование""]","[""карта"", ""деньга"", ""два"", ""бронирование""]"
⚠️ Не ОТКРЫВАЕТСЯ QR КОД билета в Приложении. нужно на 2026-12-21   Звонить: +7 918 547 7918,[],"[""+7 918 547 7918""]",[],"[""2026-12-21""]",[],не открывается qr код билета в приложении нужно на [DATE] звонить [PHONE],не открывается qr код билета в приложении нужно на звонить ,"[""открывается"", ""qr"", ""код"", ""билета"", ""приложении""]","[""открываться"", ""qr"", ""код"", ""билет"", ""приложение""]"
"Мероприятие Отменили, когда вернут деньги за билет? смотрите https://event-book.ru/item/4; дата 2026-12-09; стоимость: 6052 RUB; email: User_1450@yandex.ru","[""https://event-book.ru/item/4""]",[],"[""user_1450@yandex.ru""]","[""2026-12-09""]","[""6052 rub""]",мероприятие отменили когда вернут деньги за билет смотрите [URL] дата [DATE] стоимость [PRICE] email [EMAIL],мероприятие отменили когда вернут деньги за билет смотрите дата стоимость email ,"[""мероприятие"", ""отменили"", ""вернут"", ""деньги"", ""билет""]","[""мероприятие"", ""отменить"", ""вернуть"", ""деньга"", ""билет""]"
"Нужны два места рядом, НО система рассадила нас отдельно. ТЕЛЕФОН: 8 989 163 79 23; почта: student2026@mail.ru; оформлено 07-04-26",[],"[""8 989 163 79 23""]","[""student2026@mail.ru""]","[""07-04-26""]",[],нужны два места рядом но система рассадила нас отдельно телефон [PHONE] почта [EMAIL] оформлено [DATE],нужны два места рядом но система рассадила нас отдельно телефон почта оформлено ,"[""нужны"", ""два"", ""места"", ""рядом"", ""система"", ""рассадила"", ""отдельно""]","[""нужный"", ""два"", ""место"", ""рядом"", ""система"", ""рассадить"", ""отдельно""]"
МОЖНО  получить  электронный  чек за билеты? с 11.02.2027; вот страница www.hotel-demo.ru/page/6,"[""www.hotel-demo.ru/page/6""]",[],[],"[""11.02.2027""]",[],можно получить электронный чек за билеты с [DATE] вот страница [URL],можно получить электронный чек за билеты с вот страница ,"[""получить"", ""электронный"", ""чек"", ""билеты""]","[""получить"", ""электронный"", ""чек"", ""билет""]"
Не открывается QR код билета в приложении. телефон: +7 (966) 258-94-18; цена: 90066 RUB,[],"[""+7 966 258-94-18""]",[],[],"[""90066 rub""]",не открывается qr код билета в приложении телефон [PHONE] цена [PRICE],не открывается qr код билета в приложении телефон цена ,"[""открывается"", ""qr"", ""код"", ""билета"", ""приложении""]","[""открываться"", ""qr"", ""код"", ""билет"", ""приложение""]"
🙂 ЦЕНА номера ИЗМЕНИЛАСЬ после подтверждения брони. цена: 1 290 руб. / нужно на 2026-08-26 / URL= https://www.event-book.ru/support/8?from=mail,"[""https://www.event-book.ru/support/8?from=mail""]",[],[],"[""2026-08-26""]","[""1 290 руб""]",цена номера изменилась после подтверждения брони цена [PRICE] нужно на [DATE] url [URL],цена номера изменилась после подтверждения брони цена нужно на url ,"[""изменилась"", ""подтверждения"", ""брони""]","[""измениться"", ""подтверждение"", ""бронь""]"
"Хочу отменить бронирование номера, подскажите условия возврата. стоимость: 46017 RUB ...",[],[],[],[],"[""46017 rub""]",хочу отменить бронирование номера подскажите условия возврата стоимость [PRICE],хочу отменить бронирование номера подскажите условия возврата стоимость ,"[""отменить"", ""бронирование"", ""условия"", ""возврата""]","[""отменить"", ""бронирование"", ""условие"", ""возврат""]"
Цена  номера  изменилась после подтверждения БРОНИ. вот страница https://hotel-demo.ru/item/10 / сумма: 498 RUB / с 13.12.2026 / Email: student2026@mail.ru,"[""https://hotel-demo.ru/item/10""]",[],"[""student2026@mail.ru""]","[""13.12.2026""]","[""498 rub""]",цена номера изменилась после подтверждения брони вот страница [URL] сумма [PRICE] с [DATE] email [EMAIL],цена номера изменилась после подтверждения брони вот страница сумма с email ,"[""изменилась"", ""подтверждения"", ""брони""]","[""измениться"", ""подтверждение"", ""бронь""]"
ЦЕНА  номера  изменилась после подтверждения брони. смотрите WWW.EVENT-BOOK.RU/PAGE/11 ***,"[""www.event-book.ru/page/11""]",[],[],[],[],цена номера изменилась после подтверждения брони смотрите [URL],цена номера изменилась после подтверждения брони смотрите ,"[""изменилась"", ""подтверждения"", ""брони""]","[""измениться"", ""подтверждение"", ""бронь""]"
"😡 Нужны  ДВА  места рядом, но система рассадила нас отдельно. С 2026-10-14; звонить: +7 994 341 8426; почта: TEST.USER@gmail.com",[],"[""+7 994 341 8426""]","[""test.user@gmail.com""]","[""2026-10-14""]",[],нужны два места рядом но система рассадила нас отдельно с [DATE] звонить [PHONE] почта [EMAIL],нужны два места рядом но система рассадила нас отдельно с звонить почта ,"[""нужны"", ""два"", ""места"", ""рядом"", ""система"", ""рассадила"", ""отдельно""]","[""нужный"", ""два"", ""место"", ""рядом"", ""система"", ""рассадить"", ""отдельно""]"
Не  открывается  QR код билета в приложении. e-mail: m.smirnova@mail.ru / смотрите https://tickets-example.ru/item/13 ***,"[""https://tickets-example.ru/item/13""]",[],"[""m.smirnova@mail.ru""]",[],[],не открывается qr код билета в приложении e-mail [EMAIL] смотрите [URL],не открывается qr код билета в приложении e-mail смотрите ,"[""открывается"", ""qr"", ""код"", ""билета"", ""приложении""]","[""открываться"", ""qr"", ""код"", ""билет"", ""приложение""]"
"Хочу  отменить  бронирование  номера, подскажите условия Возврата. ответьте на: ivan.petrov@tickets.example   оформлено 11-06-26 !!!",[],[],"[""ivan.petrov@tickets.example""]","[""11-06-26""]",[],хочу отменить бронирование номера подскажите условия возврата ответьте на [EMAIL] оформлено [DATE],хочу отменить бронирование номера подскажите условия возврата ответьте на оформлено ,"[""отменить"", ""бронирование"", ""условия"", ""возврата""]","[""отменить"", ""бронирование"", ""условие"", ""возврат""]"
С карты списали деньги два раза за одно бронирование. мой номер: +7-916-592-46-24; Ссылка: http://hotel-demo.ru/order???id=1015; сумма: 90 077 рублей ...,"[""http://hotel-demo.ru/order???id=1015""]","[""+7-916-592-46-24""]",[],[],"[""90 077 рублей""]",с карты списали деньги два раза за одно бронирование мой номер [PHONE]; ссылка [URL] сумма [PRICE],с карты списали деньги два раза за одно бронирование мой номер ; ссылка сумма ,"[""карты"", ""деньги"", ""два"", ""бронирование""]","[""карта"", ""деньга"", ""два"", ""бронирование""]"
Цена  номера  изменилась после подтверждения брони. ответьте на: m.smirnova@tickets.example | ТЕЛЕФОН: +7-955-839-22-82 ###,[],"[""+7-955-839-22-82""]","[""m.smirnova@tickets.example""]",[],[],цена номера изменилась после подтверждения брони ответьте на [EMAIL] телефон [PHONE],цена номера изменилась после подтверждения брони ответьте на телефон ,"[""изменилась"", ""подтверждения"", ""брони""]","[""измениться"", ""подтверждение"", ""бронь""]"
🔥 НЕ открывается QR код билета в ПРИЛОЖЕНИИ. e-mail: user_615@yandex.ru / сумма: 2 578 руб. / Вот страница http://hotel-demo.ru/order???id=1017,"[""http://hotel-demo.ru/order???id=1017""]",[],"[""user_615@yandex.ru""]",[],"[""2 578 руб""]",не открывается qr код билета в приложении e-mail [EMAIL] сумма [PRICE] вот страница [URL],не открывается qr код билета в приложении e-mail сумма вот страница ,"[""открывается"", ""qr"", ""код"", ""билета"", ""приложении""]","[""открываться"", ""qr"", ""код"", ""билет"", ""приложение""]"
"⚠️ Купил  БИЛЕТ  на концерт, письмо с БИЛЕТОМ не пришло. EMAIL: m.smirnova@mail.ru / телефон: 89791809910",[],"[""89791809910""]","[""m.smirnova@mail.ru""]",[],[],купил билет на концерт письмо с билетом не пришло email [EMAIL] телефон [PHONE],купил билет на концерт письмо с билетом не пришло email телефон ,"[""купил"", ""билет"", ""концерт"", ""письмо"", ""билетом"", ""пришло""]","[""купить"", ""билет"", ""концерт"", ""письмо"", ""билет"", ""прийти""]"
Не  открывается QR код билета в приложении. стоимость: 6082 RUB ***,[],[],[],[],"[""6082 rub""]",не открывается qr код билета в приложении стоимость [PRICE],не открывается qr код билета в приложении стоимость ,"[""открывается"", ""qr"", ""код"", ""билета"", ""приложении""]","[""открываться"", ""qr"", ""код"", ""билет"", ""приложение""]"
Можно перенести бронь отеля на другую дату без Штрафа? URL= https://www.event-book.ru/support/20?from=mail,"[""https://www.event-book.ru/support/20?from=mail""]",[],[],[],[],можно перенести бронь отеля на другую дату без штрафа url [URL],можно перенести бронь отеля на другую дату без штрафа url ,"[""перенести"", ""бронь"", ""отеля"", ""другую"", ""штрафа""]","[""перенести"", ""бронь"", ""отель"", ""другой"", ""штраф""]"
"Мероприятие отменили, когда вернут деньги за билет?? нужно на 04-04-26",[],[],[],"[""04-04-26""]",[],мероприятие отменили когда вернут деньги за билет нужно на [DATE],мероприятие отменили когда вернут деньги за билет нужно на ,"[""мероприятие"", ""отменили"", ""вернут"", ""деньги"", ""билет""]","[""мероприятие"", ""отменить"", ""вернуть"", ""деньга"", ""билет""]"
Можно перенести бронь отеля на другую дату БЕЗ Штрафа? дата 29.06.2026,[],[],[],"[""29.06.2026""]",[],можно перенести бронь отеля на другую дату без штрафа дата [DATE],можно перенести бронь отеля на другую дату без штрафа дата ,"[""перенести"", ""бронь"", ""отеля"", ""другую"", ""штрафа""]","[""перенести"", ""бронь"", ""отель"", ""другой"", ""штраф""]"
Можно  перенести  бронь  Отеля на другую Дату без ШТРАФА? Ссылка: www.event-book.ru/page/23   оформлено 01/06/2026,"[""www.event-book.ru/page/23""]",[],[],"[""01/06/2026""]",[],можно перенести бронь отеля на другую дату без штрафа ссылка [URL] оформлено [DATE],можно перенести бронь отеля на другую дату без штрафа ссылка оформлено ,"[""перенести"", ""бронь"", ""отеля"", ""другую"", ""штрафа""]","[""перенести"", ""бронь"", ""отель"", ""другой"", ""штраф""]"
"Нужны два Места рядом, но система рассадила нас отдельно. !!!",[],[],[],[],[],нужны два места рядом но система рассадила нас отдельно,нужны два места рядом но система рассадила нас отдельно,"[""нужны"", ""два"", ""места"", ""рядом"", ""система"", ""рассадила"", ""отдельно""]","[""нужный"", ""два"", ""место"", ""рядом"", ""система"", ""рассадить"", ""отдельно""]"
Можно  перенести  бронь  ОТЕЛЯ на другую дату без ШТРАФА?? вот страница Https://event-book.ru/item/25 / цена: 2 550 ₽ / ТЕЛЕФОН: +7 953 486 8820 / e-mail: m.smirnova@yandex.ru,"[""https://event-book.ru/item/25""]","[""+7 953 486 8820""]","[""m.smirnova@yandex.ru""]",[],[],можно перенести бронь отеля на другую дату без штрафа вот страница [URL] цена 2 550 телефон [PHONE] e-mail [EMAIL],можно перенести бронь отеля на другую дату без штрафа вот страница цена 2 550 телефон e-mail ,"[""перенести"", ""бронь"", ""отеля"", ""другую"", ""штрафа""]","[""перенести"", ""бронь"", ""отель"", ""другой"", ""штраф""]"
"Хочу  отменить  бронирование номера, подскажите условия возврата. почта: m.smirnova@tickets.example; оформлено 10-04-26 ***",[],[],"[""m.smirnova@tickets.example""]","[""10-04-26""]",[],хочу отменить бронирование номера подскажите условия возврата почта [EMAIL] оформлено [DATE],хочу отменить бронирование номера подскажите условия возврата почта оформлено ,"[""отменить"", ""бронирование"", ""условия"", ""возврата""]","[""отменить"", ""бронирование"", ""условие"", ""возврат""]"
"Мероприятие  отменили,  когда  вернут  деньги за билет? стоимость: 13080р / Почта: m.smirnova@yandex.ru",[],[],"[""m.smirnova@yandex.ru""]",[],"[""13080р""]",мероприятие отменили когда вернут деньги за билет стоимость [PRICE] почта [EMAIL],мероприятие отменили когда вернут деньги за билет стоимость почта ,"[""мероприятие"", ""отменили"", ""вернут"", ""деньги"", ""билет""]","[""мероприятие"", ""отменить"", ""вернуть"", ""деньга"", ""билет""]"
Можно получить ЭЛЕКТРОННЫЙ ЧЕК за Билеты?? вот страница HTTPS://HOTEL-DEMO.RU/ITEM/28,"[""https://hotel-demo.ru/item/28""]",[],[],[],[],можно получить электронный чек за билеты вот страница [URL],можно получить электронный чек за билеты вот страница ,"[""получить"", ""электронный"", ""чек"", ""билеты""]","[""получить"", ""электронный"", ""чек"", ""билет""]"
"Нужны два места рядом, но СИСТЕМА РАССАДИЛА нас Отдельно. e-mail: TEST.USER@gmail.com; вот страница http://tickets-example.ru/order?id=1029; ОФОРМЛЕНО 16.08.2026","[""http://tickets-example.ru/order?id=1029""]",[],"[""test.user@gmail.com""]","[""16.08.2026""]",[],нужны два места рядом но система рассадила нас отдельно e-mail [EMAIL] вот страница [URL] оформлено [DATE],нужны два места рядом но система рассадила нас отдельно e-mail вот страница оформлено ,"[""нужны"", ""два"", ""места"", ""рядом"", ""система"", ""рассадила"", ""отдельно""]","[""нужный"", ""два"", ""место"", ""рядом"", ""система"", ""рассадить"", ""отдельно""]"
Можно перенести бронь отеля на другую ДАТУ БЕЗ штрафа??? ответьте на: ivan.petrov@gmail.com; мой НОМЕР: +7 904 227 1867; вот страница https://hotel-demo.ru/item/30,"[""https://hotel-demo.ru/item/30""]","[""+7 904 227 1867""]","[""ivan.petrov@gmail.com""]",[],[],можно перенести бронь отеля на другую дату без штрафа ответьте на [EMAIL] мой номер [PHONE] вот страница [URL],можно перенести бронь отеля на другую дату без штрафа ответьте на мой номер вот страница ,"[""перенести"", ""бронь"", ""отеля"", ""другую"", ""штрафа""]","[""перенести"", ""бронь"", ""отель"", ""другой"", ""штраф""]"
С карты списали деньги два раза за одно бронирование. дата 2026-10-23 | сумма: 124591 RUB,[],[],[],"[""2026-10-23""]","[""124591 rub""]",с карты списали деньги два раза за одно бронирование дата [DATE] сумма [PRICE],с карты списали деньги два раза за одно бронирование дата сумма ,"[""карты"", ""деньги"", ""два"", ""бронирование""]","[""карта"", ""деньга"", ""два"", ""бронирование""]"
С карты списали деньги два раза За одно бронирование. списали: 2582 RUB | звонить: +7 (926) 662-62-93 | e-mail: ivan.petrov@tickets.example ***,[],"[""+7 926 662-62-93""]","[""ivan.petrov@tickets.example""]",[],"[""2582 rub""]",с карты списали деньги два раза за одно бронирование списали [PRICE] звонить [PHONE] e-mail [EMAIL],с карты списали деньги два раза за одно бронирование списали звонить e-mail ,"[""карты"", ""деньги"", ""два"", ""бронирование""]","[""карта"", ""деньга"", ""два"", ""бронирование""]"
"Нужны два места рядом, но система рассадила нас отдельно. с 20.05.2026 | URL= https://www.tickets-example.ru/support/33?????from=mail | e-mail: TEST.USER@gmail.com | Тел: +7 917 117 1286","[""https://www.tickets-example.ru/support/33?????from=mail""]","[""+7 917 117 1286""]","[""test.user@gmail.com""]","[""20.05.2026""]",[],нужны два места рядом но система рассадила нас отдельно с [DATE] url [URL] e-mail [EMAIL] тел [PHONE],нужны два места рядом но система рассадила нас отдельно с url e-mail тел ,"[""нужны"", ""два"", ""места"", ""рядом"", ""система"", ""рассадила"", ""отдельно""]","[""нужный"", ""два"", ""место"", ""рядом"", ""система"", ""рассадить"", ""отдельно""]"
Не  ОТКРЫВАЕТСЯ QR код билета в приложении. оформлено 2026-11-04 | URL= https://www.hotel-demo.ru/support/34????from=mail,"[""https://www.hotel-demo.ru/support/34????from=mail""]",[],[],"[""2026-11-04""]",[],не открывается qr код билета в приложении оформлено [DATE] url [URL],не открывается qr код билета в приложении оформлено url ,"[""открывается"", ""qr"", ""код"", ""билета"", ""приложении""]","[""открываться"", ""qr"", ""код"", ""билет"", ""приложение""]"
⚠️ Не  открывается  QR  код  Билета в приложении. ***,[],[],[],[],[],не открывается qr код билета в приложении,не открывается qr код билета в приложении,"[""открывается"", ""qr"", ""код"", ""билета"", ""приложении""]","[""открываться"", ""qr"", ""код"", ""билет"", ""приложение""]"
🙂 Можно перенести бронь отеля на другую дату без штрафа? тел: +7-954-541-25-97; списали: 499 ₽ ???,[],"[""+7-954-541-25-97""]",[],[],[],можно перенести бронь отеля на другую дату без штрафа тел [PHONE]; списали 499,можно перенести бронь отеля на другую дату без штрафа тел ; списали 499,"[""перенести"", ""бронь"", ""отеля"", ""другую"", ""штрафа""]","[""перенести"", ""бронь"", ""отель"", ""другой"", ""штраф""]"
🙂 Цена номера изменилась после подтверждения брони. звонить: +7 900 461 6089 / ВОТ страница www.hotel-demo.ru/page/37 / списали: 199928 RUB,"[""www.hotel-demo.ru/page/37""]","[""+7 900 461 6089""]",[],[],"[""199928 rub""]",цена номера изменилась после подтверждения брони звонить [PHONE] вот страница [URL] списали [PRICE],цена номера изменилась после подтверждения брони звонить вот страница списали ,"[""изменилась"", ""подтверждения"", ""брони""]","[""измениться"", ""подтверждение"", ""бронь""]"
"Хочу отменить бронирование номера, подскажите условия возврата. нужно На 18.12.2026   смотрите www.tickets-example.ru/page/38   звонить: +7-962-361-56-65   стоимость: 199 919 руб.","[""www.tickets-example.ru/page/38""]","[""+7-962-361-56-65""]",[],"[""18.12.2026""]","[""199 919 руб""]",хочу отменить бронирование номера подскажите условия возврата нужно на [DATE] смотрите [URL] звонить [PHONE] стоимость [PRICE],хочу отменить бронирование номера подскажите условия возврата нужно на смотрите звонить стоимость ,"[""отменить"", ""бронирование"", ""условия"", ""возврата""]","[""отменить"", ""бронирование"", ""условие"", ""возврат""]"
"В  билете Ошибка в фамилии, как исправить ДАННЫЕ? стоимость: 2529 RUB",[],[],[],[],"[""2529 rub""]",в билете ошибка в фамилии как исправить данные стоимость [PRICE],в билете ошибка в фамилии как исправить данные стоимость ,"[""билете"", ""ошибка"", ""фамилии"", ""исправить"", ""данные""]","[""билет"", ""ошибка"", ""фамилия"", ""исправить"", ""дать""]"
"Купил билет на концерт, письмо с билетом не ПРИШЛО. дата 20.04.2026 | телефон: 89309688588 | вот страница https://event-book.ru/item/40","[""https://event-book.ru/item/40""]","[""89309688588""]",[],"[""20.04.2026""]",[],купил билет на концерт письмо с билетом не пришло дата [DATE] телефон [PHONE] вот страница [URL],купил билет на концерт письмо с билетом не пришло дата телефон вот страница ,"[""купил"", ""билет"", ""концерт"", ""письмо"", ""билетом"", ""пришло""]","[""купить"", ""билет"", ""концерт"", ""письмо"", ""билет"", ""прийти""]"
Можно перенести бронь ОТЕЛЯ На другую дату БЕЗ штрафа? нужно на 2026-11-08   цена: 541 ₽   Мой номер: +7-908-890-90-31,[],"[""+7-908-890-90-31""]",[],"[""2026-11-08""]",[],можно перенести бронь отеля на другую дату без штрафа нужно на [DATE] цена 541 мой номер [PHONE],можно перенести бронь отеля на другую дату без штрафа нужно на цена 541 мой номер ,"[""перенести"", ""бронь"", ""отеля"", ""другую"", ""штрафа""]","[""перенести"", ""бронь"", ""отель"", ""другой"", ""штраф""]"
Можно получить ЭЛЕКТРОННЫЙ чек за БИЛЕТЫ? стоимость: 46 006 рублей   Ссылка: http://event-book.ru/order?id=1042,"[""http://event-book.ru/order?id=1042""]",[],[],[],"[""46 006 рублей""]",можно получить электронный чек за билеты стоимость [PRICE] ссылка [URL],можно получить электронный чек за билеты стоимость ссылка ,"[""получить"", ""электронный"", ""чек"", ""билеты""]","[""получить"", ""электронный"", ""чек"", ""билет""]"
"💸 ХОЧУ  ОТМЕНИТЬ  бронирование  Номера, подскажите условия возврата. ответьте на: ivan.petrov@tickets.example",[],[],"[""ivan.petrov@tickets.example""]",[],[],хочу отменить бронирование номера подскажите условия возврата ответьте на [EMAIL],хочу отменить бронирование номера подскажите условия возврата ответьте на ,"[""отменить"", ""бронирование"", ""условия"", ""возврата""]","[""отменить"", ""бронирование"", ""условие"", ""возврат""]"
Цена номера Изменилась после подтверждения БРОНИ. дата 15.09.2026 | URL= https://www.tickets-example.ru/support/44?from=mail,"[""https://www.tickets-example.ru/support/44?from=mail""]",[],[],"[""15.09.2026""]",[],цена номера изменилась после подтверждения брони дата [DATE] url [URL],цена номера изменилась после подтверждения брони дата url ,"[""изменилась"", ""подтверждения"", ""брони""]","[""измениться"", ""подтверждение"", ""бронь""]"
🔥 С карты списали ДЕНЬГИ два РАЗА за одно БРОНИРОВАНИЕ. вот страница https://hotel-demo.ru/item/45 | нужно на 16/10/2026 | ТЕЛЕФОН: +7 (940) 934-96-83 | Списали: 124550 RUB,"[""https://hotel-demo.ru/item/45""]","[""+7 940 934-96-83""]",[],"[""16/10/2026""]","[""124550 rub""]",с карты списали деньги два раза за одно бронирование вот страница [URL] нужно на [DATE] телефон [PHONE] списали [PRICE],с карты списали деньги два раза за одно бронирование вот страница нужно на телефон списали ,"[""карты"", ""деньги"", ""два"", ""бронирование""]","[""карта"", ""деньга"", ""два"", ""бронирование""]"
"Хочу  отменить  бронирование  номера, подскажите условия Возврата. списали: 568р | смотрите https://event-book.ru/item/46 | оформлено 25.07.2026 | мой НОМЕР: +7 961 930 1912 ***","[""https://event-book.ru/item/46""]","[""+7 961 930 1912""]",[],"[""25.07.2026""]","[""568р""]",хочу отменить бронирование номера подскажите условия возврата списали [PRICE] смотрите [URL] оформлено [DATE] мой номер [PHONE],хочу отменить бронирование номера подскажите условия возврата списали смотрите оформлено мой номер ,"[""отменить"", ""бронирование"", ""условия"", ""возврата""]","[""отменить"", ""бронирование"", ""условие"", ""возврат""]"
Можно  получить  электронный  чек  за билеты? дата 30.12.2026 | телефон: +7 951 241 9956 | списали: 1291 RUB,[],"[""+7 951 241 9956""]",[],"[""30.12.2026""]","[""1291 rub""]",можно получить электронный чек за билеты дата [DATE] телефон [PHONE] списали [PRICE],можно получить электронный чек за билеты дата телефон списали ,"[""получить"", ""электронный"", ""чек"", ""билеты""]","[""получить"", ""электронный"", ""чек"", ""билет""]"
"Нужны ДВА места рядом, но система РАССАДИЛА нас ОТДЕЛЬНО. смотрите http://tickets-example.ru/order?id=1048 / звонить: +7 933 742 8368 / цена: 199928р","[""http://tickets-example.ru/order?id=1048""]","[""+7 933 742 8368""]",[],[],"[""199928р""]",нужны два места рядом но система рассадила нас отдельно смотрите [URL] звонить [PHONE] цена [PRICE],нужны два места рядом но система рассадила нас отдельно смотрите звонить цена ,"[""нужны"", ""два"", ""места"", ""рядом"", ""система"", ""рассадила"", ""отдельно""]","[""нужный"", ""два"", ""место"", ""рядом"", ""система"", ""рассадить"", ""отдельно""]"
"🙂 Нужны два места рядом, НО система РАССАДИЛА нас отдельно. ответьте на: user_2765@mail.ru; стоимость: 6016р",[],[],"[""user_2765@mail.ru""]",[],"[""6016р""]",нужны два места рядом но система рассадила нас отдельно ответьте на [EMAIL] стоимость [PRICE],нужны два места рядом но система рассадила нас отдельно ответьте на стоимость ,"[""нужны"", ""два"", ""места"", ""рядом"", ""система"", ""рассадила"", ""отдельно""]","[""нужный"", ""два"", ""место"", ""рядом"", ""система"", ""рассадить"", ""отдельно""]"
"Нужны два места рядом, но система рассадила нас ОТДЕЛЬНО. тел: 89927139635   e-mail: m.smirnova@tickets.example   URL= https://tickets-example.ru/item/50","[""https://tickets-example.ru/item/50""]","[""89927139635""]","[""m.smirnova@tickets.example""]",[],[],нужны два места рядом но система рассадила нас отдельно тел [PHONE] e-mail [EMAIL] url [URL],нужны два места рядом но система рассадила нас отдельно тел e-mail url ,"[""нужны"", ""два"", ""места"", ""рядом"", ""система"", ""рассадила"", ""отдельно""]","[""нужный"", ""два"", ""место"", ""рядом"", ""система"", ""рассадить"", ""отдельно""]"
МОЖНО перенести бронь ОТЕЛЯ НА другую дату без штрафа? Ссылка: https://www.event-book.ru/support/51?from=mail / Тел: +7 (917) 971-45-73 / сумма: 1376р / ответьте на: user_6217@tickets.example,"[""https://www.event-book.ru/support/51?from=mail""]","[""+7 917 971-45-73""]","[""user_6217@tickets.example""]",[],"[""1376р""]",можно перенести бронь отеля на другую дату без штрафа ссылка [URL] тел [PHONE] сумма [PRICE] ответьте на [EMAIL],можно перенести бронь отеля на другую дату без штрафа ссылка тел сумма ответьте на ,"[""перенести"", ""бронь"", ""отеля"", ""другую"", ""штрафа""]","[""перенести"", ""бронь"", ""отель"", ""другой"", ""штраф""]"
🔥 С карты списали деньги два раза за одно бронирование. URL= https://event-book.ru/item/52   списали: 199905р,"[""https://event-book.ru/item/52""]",[],[],[],"[""199905р""]",с карты списали деньги два раза за одно бронирование url [URL] списали [PRICE],с карты списали деньги два раза за одно бронирование url списали ,"[""карты"", ""деньги"", ""два"", ""бронирование""]","[""карта"", ""деньга"", ""два"", ""бронирование""]"
Можно  перенести  бронь отеля на Другую дату без Штрафа????? Вот страница https://www.tickets-example.ru/support/53????from=mail   мой номер: +7-965-299-86-94   Цена: 45 994 руб.,"[""https://www.tickets-example.ru/support/53????from=mail""]","[""+7-965-299-86-94""]",[],[],"[""45 994 руб""]",можно перенести бронь отеля на другую дату без штрафа вот страница [URL] мой номер [PHONE] цена [PRICE],можно перенести бронь отеля на другую дату без штрафа вот страница мой номер цена ,"[""перенести"", ""бронь"", ""отеля"", ""другую"", ""штрафа""]","[""перенести"", ""бронь"", ""отель"", ""другой"", ""штраф""]"
Можно получить электронный чек за билеты? телефон: +7 (943) 579-10-87 | с 27/11/2026 | почта: ivan.petrov@mail.ru,[],"[""+7 943 579-10-87""]","[""ivan.petrov@mail.ru""]","[""27/11/2026""]",[],можно получить электронный чек за билеты телефон [PHONE] с [DATE] почта [EMAIL],можно получить электронный чек за билеты телефон с почта ,"[""получить"", ""электронный"", ""чек"", ""билеты""]","[""получить"", ""электронный"", ""чек"", ""билет""]"
Можно перенести бронь отеля на другую дату без штрафа? тел: +7-904-559-30-41 / оформлено 07.05.2026 / URL= www.hotel-demo.ru/page/55,"[""www.hotel-demo.ru/page/55""]","[""+7-904-559-30-41""]",[],"[""07.05.2026""]",[],можно перенести бронь отеля на другую дату без штрафа тел [PHONE] оформлено [DATE] url [URL],можно перенести бронь отеля на другую дату без штрафа тел оформлено url ,"[""перенести"", ""бронь"", ""отеля"", ""другую"", ""штрафа""]","[""перенести"", ""бронь"", ""отель"", ""другой"", ""штраф""]"
"Нужны ДВА места рядом, Но система рассадила НАС ОТДЕЛЬНО. сумма: 13 006 рублей / тел: 8 911 679 89 24 / оформлено 2027-02-18",[],"[""8 911 679 89 24""]",[],"[""2027-02-18""]","[""13 006 рублей""]",нужны два места рядом но система рассадила нас отдельно сумма [PRICE] тел [PHONE] оформлено [DATE],нужны два места рядом но система рассадила нас отдельно сумма тел оформлено ,"[""нужны"", ""два"", ""места"", ""рядом"", ""система"", ""рассадила"", ""отдельно""]","[""нужный"", ""два"", ""место"", ""рядом"", ""система"", ""рассадить"", ""отдельно""]"
"Нужны  два  места  рядом,  но система рассадила НАС отдельно. стоимость: 1 346 ₽; телефон: 8 942 211 72 79 ...",[],"[""8 942 211 72 79""]",[],[],[],нужны два места рядом но система рассадила нас отдельно стоимость 1 346 телефон [PHONE],нужны два места рядом но система рассадила нас отдельно стоимость 1 346 телефон ,"[""нужны"", ""два"", ""места"", ""рядом"", ""система"", ""рассадила"", ""отдельно""]","[""нужный"", ""два"", ""место"", ""рядом"", ""система"", ""рассадить"", ""отдельно""]"
🔥 С карты списали деньги два раза за ОДНО бронирование. цена: 13 038 рублей,[],[],[],[],"[""13 038 рублей""]",с карты списали деньги два раза за одно бронирование цена [PRICE],с карты списали деньги два раза за одно бронирование цена ,"[""карты"", ""деньги"", ""два"", ""бронирование""]","[""карта"", ""деньга"", ""два"", ""бронирование""]"
"Купил билет на концерт, ПИСЬМО с билетом не пришло. с 2026-05-14   ЦЕНА: 527 ₽",[],[],[],"[""2026-05-14""]",[],купил билет на концерт письмо с билетом не пришло с [DATE] цена 527,купил билет на концерт письмо с билетом не пришло с цена 527,"[""купил"", ""билет"", ""концерт"", ""письмо"", ""билетом"", ""пришло""]","[""купить"", ""билет"", ""концерт"", ""письмо"", ""билет"", ""прийти""]"
Не Открывается QR код билета в приложении. оформлено 24.12.2026 / E-mail: student2026@mail.ru,[],[],"[""student2026@mail.ru""]","[""24.12.2026""]",[],не открывается qr код билета в приложении оформлено [DATE] e-mail [EMAIL],не открывается qr код билета в приложении оформлено e-mail ,"[""открывается"", ""qr"", ""код"", ""билета"", ""приложении""]","[""открываться"", ""qr"", ""код"", ""билет"", ""приложение""]"
Не  открывается  QR  код билета в приложении. нужно на 30/10/2026   URL= www.tickets-example.ru/page/61   мой номер: 89196712737 ...,"[""www.tickets-example.ru/page/61""]","[""89196712737""]",[],"[""30/10/2026""]",[],не открывается qr код билета в приложении нужно на [DATE] url [URL] мой номер [PHONE],не открывается qr код билета в приложении нужно на url мой номер ,"[""открывается"", ""qr"", ""код"", ""билета"", ""приложении""]","[""открываться"", ""qr"", ""код"", ""билет"", ""приложение""]"
Не  ОТКРЫВАЕТСЯ QR КОД билета в приложении. URL= https://www.event-book.ru/support/62??from=mail | тел: 89033069668,"[""https://www.event-book.ru/support/62??from=mail""]","[""89033069668""]",[],[],[],не открывается qr код билета в приложении url [URL] тел [PHONE],не открывается qr код билета в приложении url тел ,"[""открывается"", ""qr"", ""код"", ""билета"", ""приложении""]","[""открываться"", ""qr"", ""код"", ""билет"", ""приложение""]"
"Нужны два МЕСТА рядом, но Система рассадила нас отдельно. списали: 2521 Rub   звонить: 8 974 212 98 52   email: student2026@mail.ru",[],"[""8 974 212 98 52""]","[""student2026@mail.ru""]",[],"[""2521 rub""]",нужны два места рядом но система рассадила нас отдельно списали [PRICE] звонить [PHONE] email [EMAIL],нужны два места рядом но система рассадила нас отдельно списали звонить email ,"[""нужны"", ""два"", ""места"", ""рядом"", ""система"", ""рассадила"", ""отдельно""]","[""нужный"", ""два"", ""место"", ""рядом"", ""система"", ""рассадить"", ""отдельно""]"
"Купил билет на концерт, письмо с билетом не пришло. цена: 13078р | тел: +7-929-821-84-32 | оформлено 01.11.2026 ***",[],"[""+7-929-821-84-32""]",[],"[""01.11.2026""]","[""13078р""]",купил билет на концерт письмо с билетом не пришло цена [PRICE] тел [PHONE] оформлено [DATE],купил билет на концерт письмо с билетом не пришло цена тел оформлено ,"[""купил"", ""билет"", ""концерт"", ""письмо"", ""билетом"", ""пришло""]","[""купить"", ""билет"", ""концерт"", ""письмо"", ""билет"", ""прийти""]"
⚠️ С карты списали деньги два РАЗА за одно БРОНИРОВАНИЕ. оформлено 15.08.2026 / Сумма: 2 575 ₽ / звонить: +7 (966) 864-36-81,[],"[""+7 966 864-36-81""]",[],"[""15.08.2026""]",[],с карты списали деньги два раза за одно бронирование оформлено [DATE] сумма 2 575 звонить [PHONE],с карты списали деньги два раза за одно бронирование оформлено сумма 2 575 звонить ,"[""карты"", ""деньги"", ""два"", ""бронирование""]","[""карта"", ""деньга"", ""два"", ""бронирование""]"
МОЖНО  перенести бронь отеля на другую дату без штрафа? оформлено 2026-03-17 / телефон: +7-957-892-27-34 / стоимость: 199 939 рублей,[],"[""+7-957-892-27-34""]",[],"[""2026-03-17""]","[""199 939 рублей""]",можно перенести бронь отеля на другую дату без штрафа оформлено [DATE] телефон [PHONE] стоимость [PRICE],можно перенести бронь отеля на другую дату без штрафа оформлено телефон стоимость ,"[""перенести"", ""бронь"", ""отеля"", ""другую"", ""штрафа""]","[""перенести"", ""бронь"", ""отель"", ""другой"", ""штраф""]"
"Мероприятие  ОТМЕНИЛИ,  когда  вернут  деньги за билет????? ответьте на: help.me@yandex.ru",[],[],"[""help.me@yandex.ru""]",[],[],мероприятие отменили когда вернут деньги за билет ответьте на [EMAIL],мероприятие отменили когда вернут деньги за билет ответьте на ,"[""мероприятие"", ""отменили"", ""вернут"", ""деньги"", ""билет""]","[""мероприятие"", ""отменить"", ""вернуть"", ""деньга"", ""билет""]"
😡 Не открывается QR код билета в приложении.,[],[],[],[],[],не открывается qr код билета в приложении,не открывается qr код билета в приложении,"[""открывается"", ""qr"", ""код"", ""билета"", ""приложении""]","[""открываться"", ""qr"", ""код"", ""билет"", ""приложение""]"
Не  открывается  QR  код  билета в приложении. звонить: 89894949687,[],"[""89894949687""]",[],[],[],не открывается qr код билета в приложении звонить [PHONE],не открывается qr код билета в приложении звонить ,"[""открывается"", ""qr"", ""код"", ""билета"", ""приложении""]","[""открываться"", ""qr"", ""код"", ""билет"", ""приложение""]"
"Хочу отменить бронирование номера, подскажите условия возврата. с 2026-04-13 | ответьте на: IVAN.PETROV@TICKETS.EXAMPLE | мой номер: +7 (943) 843-93-59",[],"[""+7 943 843-93-59""]","[""ivan.petrov@tickets.example""]","[""2026-04-13""]",[],хочу отменить бронирование номера подскажите условия возврата с [DATE] ответьте на [EMAIL] мой номер [PHONE],хочу отменить бронирование номера подскажите условия возврата с ответьте на мой номер ,"[""отменить"", ""бронирование"", ""условия"", ""возврата""]","[""отменить"", ""бронирование"", ""условие"", ""возврат""]"
"Хочу отменить бронирование НОМЕРА, подскажите условия возврата. Ссылка: https://www.tickets-example.ru/support/71?????from=mail / С 02.01.2027 / цена: 13 006 рублей / звонить: +7 904 438 2146 !!!","[""https://www.tickets-example.ru/support/71?????from=mail""]","[""+7 904 438 2146""]",[],"[""02.01.2027""]","[""13 006 рублей""]",хочу отменить бронирование номера подскажите условия возврата ссылка [URL] с [DATE] цена [PRICE] звонить [PHONE],хочу отменить бронирование номера подскажите условия возврата ссылка с цена звонить ,"[""отменить"", ""бронирование"", ""условия"", ""возврата""]","[""отменить"", ""бронирование"", ""условие"", ""возврат""]"
🙂 Цена НОМЕРА изменилась после подтверждения брони. URL= http://tickets-example.ru/order?id=1072; тел: +7 994 502 8773; списали: 13051р,"[""http://tickets-example.ru/order?id=1072""]","[""+7 994 502 8773""]",[],[],"[""13051р""]",цена номера изменилась после подтверждения брони url [URL] тел [PHONE] списали [PRICE],цена номера изменилась после подтверждения брони url тел списали ,"[""изменилась"", ""подтверждения"", ""брони""]","[""измениться"", ""подтверждение"", ""бронь""]"
"В билете ошибка в фамилии, как исправить данные? дата 09.02.2027   телефон: 8 934 527 55 59   смотрите https://www.event-book.ru/support/73?from=mail","[""https://www.event-book.ru/support/73?from=mail""]","[""8 934 527 55 59""]",[],"[""09.02.2027""]",[],в билете ошибка в фамилии как исправить данные дата [DATE] телефон [PHONE] смотрите [URL],в билете ошибка в фамилии как исправить данные дата телефон смотрите ,"[""билете"", ""ошибка"", ""фамилии"", ""исправить"", ""данные""]","[""билет"", ""ошибка"", ""фамилия"", ""исправить"", ""дать""]"
"В  билете  Ошибка в Фамилии, Как исправить ДАННЫЕ?? звонить: 89598929130; Почта: m.smirnova@tickets.example; нужно на 11/06/2026; стоимость: 199948 RUB",[],"[""89598929130""]","[""m.smirnova@tickets.example""]","[""11/06/2026""]","[""199948 rub""]",в билете ошибка в фамилии как исправить данные звонить [PHONE] почта [EMAIL] нужно на [DATE] стоимость [PRICE],в билете ошибка в фамилии как исправить данные звонить почта нужно на стоимость ,"[""билете"", ""ошибка"", ""фамилии"", ""исправить"", ""данные""]","[""билет"", ""ошибка"", ""фамилия"", ""исправить"", ""дать""]"
"Хочу отменить бронирование номера, подскажите условия возврата. нужно на 2026-11-01 / Тел: 8 919 109 14 18",[],"[""8 919 109 14 18""]",[],"[""2026-11-01""]",[],хочу отменить бронирование номера подскажите условия возврата нужно на [DATE] тел [PHONE],хочу отменить бронирование номера подскажите условия возврата нужно на тел ,"[""отменить"", ""бронирование"", ""условия"", ""возврата""]","[""отменить"", ""бронирование"", ""условие"", ""возврат""]"
Можно  получить электронный чек за билеты???? оформлено 20-07-26; цена: 868 RUB ###,[],[],[],"[""20-07-26""]","[""868 rub""]",можно получить электронный чек за билеты оформлено [DATE] цена [PRICE],можно получить электронный чек за билеты оформлено цена ,"[""получить"", ""электронный"", ""чек"", ""билеты""]","[""получить"", ""электронный"", ""чек"", ""билет""]"
"Мероприятие  отменили,  когда вернут деньги за билет? Ссылка: https://event-book.ru/item/77 / тел: +7 (965) 403-68-58 / email: student2026@mail.ru / СУММА: 46025 RUB / нужно на 20-09-26","[""https://event-book.ru/item/77""]","[""+7 965 403-68-58""]","[""student2026@mail.ru""]","[""20-09-26""]","[""46025 rub""]",мероприятие отменили когда вернут деньги за билет ссылка [URL] тел [PHONE] email [EMAIL] сумма [PRICE] нужно на [DATE],мероприятие отменили когда вернут деньги за билет ссылка тел email сумма нужно на ,"[""мероприятие"", ""отменили"", ""вернут"", ""деньги"", ""билет""]","[""мероприятие"", ""отменить"", ""вернуть"", ""деньга"", ""билет""]"
"В  билете Ошибка в фамилии, как исправить данные? e-mail: m.smirnova@gmail.com | мой номер: 89099249982 | оформлено 06/03/2026 ???",[],"[""89099249982""]","[""m.smirnova@gmail.com""]","[""06/03/2026""]",[],в билете ошибка в фамилии как исправить данные e-mail [EMAIL] мой номер [PHONE] оформлено [DATE],в билете ошибка в фамилии как исправить данные e-mail мой номер оформлено ,"[""билете"", ""ошибка"", ""фамилии"", ""исправить"", ""данные""]","[""билет"", ""ошибка"", ""фамилия"", ""исправить"", ""дать""]"
"ХОЧУ отменить Бронирование номера, подскажите условия возврата. Ссылка: http://event-book.ru/order?id=1079","[""http://event-book.ru/order?id=1079""]",[],[],[],[],хочу отменить бронирование номера подскажите условия возврата ссылка [URL],хочу отменить бронирование номера подскажите условия возврата ссылка ,"[""отменить"", ""бронирование"", ""условия"", ""возврата""]","[""отменить"", ""бронирование"", ""условие"", ""возврат""]"
Можно  перенести  бронь ОТЕЛЯ на другую дату без штрафа????? смотрите WWW.EVENT-BOOK.RU/PAGE/80,"[""www.event-book.ru/page/80""]",[],[],[],[],можно перенести бронь отеля на другую дату без штрафа смотрите [URL],можно перенести бронь отеля на другую дату без штрафа смотрите ,"[""перенести"", ""бронь"", ""отеля"", ""другую"", ""штрафа""]","[""перенести"", ""бронь"", ""отель"", ""другой"", ""штраф""]"
"😡 В БИЛЕТЕ ошибка в фамилии, как исправить данные? стоимость: 557 ₽   смотрите www.tickets-example.ru/page/81   email: Student2026@yandex.ru","[""www.tickets-example.ru/page/81""]",[],"[""student2026@yandex.ru""]",[],[],в билете ошибка в фамилии как исправить данные стоимость 557 смотрите [URL] email [EMAIL],в билете ошибка в фамилии как исправить данные стоимость 557 смотрите email ,"[""билете"", ""ошибка"", ""фамилии"", ""исправить"", ""данные""]","[""билет"", ""ошибка"", ""фамилия"", ""исправить"", ""дать""]"
МОЖНО получить электронный чек за билеты? сумма: 89996р / с 07-07-26 ###,[],[],[],"[""07-07-26""]","[""89996р""]",можно получить электронный чек за билеты сумма [PRICE] с [DATE],можно получить электронный чек за билеты сумма с ,"[""получить"", ""электронный"", ""чек"", ""билеты""]","[""получить"", ""электронный"", ""чек"", ""билет""]"
С карты списали деньги два раза ЗА одно БРОНИРОВАНИЕ. дата 24-04-26,[],[],[],"[""24-04-26""]",[],с карты списали деньги два раза за одно бронирование дата [DATE],с карты списали деньги два раза за одно бронирование дата ,"[""карты"", ""деньги"", ""два"", ""бронирование""]","[""карта"", ""деньга"", ""два"", ""бронирование""]"
Можно получить электронный чек за билеты?? списали: 46 023 ₽ | мой номер: 8 978 193 29 20 !!!,[],"[""8 978 193 29 20""]",[],[],[],можно получить электронный чек за билеты списали 46 023 мой номер [PHONE],можно получить электронный чек за билеты списали 46 023 мой номер ,"[""получить"", ""электронный"", ""чек"", ""билеты""]","[""получить"", ""электронный"", ""чек"", ""билет""]"
Можно  получить  электронный чек за билеты???? почта: user_2106@yandex.ru; цена: 1 375 ₽; тел: +7-919-331-73-34; дата 10.10.2026,[],"[""+7-919-331-73-34""]","[""user_2106@yandex.ru""]","[""10.10.2026""]",[],можно получить электронный чек за билеты почта [EMAIL] цена 1 375 тел [PHONE]; дата [DATE],можно получить электронный чек за билеты почта цена 1 375 тел ; дата ,"[""получить"", ""электронный"", ""чек"", ""билеты""]","[""получить"", ""электронный"", ""чек"", ""билет""]"
"В Билете ОШИБКА В ФАМИЛИИ, КАК исправить данные?? оформлено 2026-07-27 | телефон: +7-956-228-68-35 ???",[],"[""+7-956-228-68-35""]",[],"[""2026-07-27""]",[],в билете ошибка в фамилии как исправить данные оформлено [DATE] телефон [PHONE],в билете ошибка в фамилии как исправить данные оформлено телефон ,"[""билете"", ""ошибка"", ""фамилии"", ""исправить"", ""данные""]","[""билет"", ""ошибка"", ""фамилия"", ""исправить"", ""дать""]"
"🙂 Мероприятие  отменили,  когда  вернут ДЕНЬГИ за билет? цена: 124 522 ₽ / Ссылка: HTTPS://WWW.HOTEL-DEMO.RU/SUPPORT/87?FROM=MAIL","[""https://www.hotel-demo.ru/support/87?from=mail""]",[],[],[],[],мероприятие отменили когда вернут деньги за билет цена 124 522 ссылка [URL],мероприятие отменили когда вернут деньги за билет цена 124 522 ссылка ,"[""мероприятие"", ""отменили"", ""вернут"", ""деньги"", ""билет""]","[""мероприятие"", ""отменить"", ""вернуть"", ""деньга"", ""билет""]"
Цена  Номера  изменилась  ПОСЛЕ  ПОДТВЕРЖДЕНИЯ брони. нужно на 06.11.2026 / стоимость: 124 598 РУБ.,[],[],[],"[""06.11.2026""]","[""124 598 руб""]",цена номера изменилась после подтверждения брони нужно на [DATE] стоимость [PRICE],цена номера изменилась после подтверждения брони нужно на стоимость ,"[""изменилась"", ""подтверждения"", ""брони""]","[""измениться"", ""подтверждение"", ""бронь""]"
Не ОТКРЫВАЕТСЯ QR Код билета в Приложении. смотрите Https://www.tickets-example.ru/support/89????from=mail / ответьте на: TEST.USER@mail.ru,"[""https://www.tickets-example.ru/support/89????from=mail""]",[],"[""test.user@mail.ru""]",[],[],не открывается qr код билета в приложении смотрите [URL] ответьте на [EMAIL],не открывается qr код билета в приложении смотрите ответьте на ,"[""открывается"", ""qr"", ""код"", ""билета"", ""приложении""]","[""открываться"", ""qr"", ""код"", ""билет"", ""приложение""]"
С карты СПИСАЛИ деньги два раза За одно бронирование. e-mail: ivan.petrov@gmail.com | дата 22-03-26,[],[],"[""ivan.petrov@gmail.com""]","[""22-03-26""]",[],с карты списали деньги два раза за одно бронирование e-mail [EMAIL] дата [DATE],с карты списали деньги два раза за одно бронирование e-mail дата ,"[""карты"", ""деньги"", ""два"", ""бронирование""]","[""карта"", ""деньга"", ""два"", ""бронирование""]"
ЦЕНА номера изменилась после подтверждения брони. цена: 521 рублей | ответьте На: m.smirnova@yandex.ru | нужно на 02/01/2027,[],[],"[""m.smirnova@yandex.ru""]","[""02/01/2027""]","[""521 рублей""]",цена номера изменилась после подтверждения брони цена [PRICE] ответьте на [EMAIL] нужно на [DATE],цена номера изменилась после подтверждения брони цена ответьте на нужно на ,"[""изменилась"", ""подтверждения"", ""брони""]","[""измениться"", ""подтверждение"", ""бронь""]"
"Купил  билет  на  концерт,  письмо с билетом не пришло. с 01/01/2027 | ССЫЛКА: https://event-book.ru/item/92 | цена: 46064р | ответьте на: user_3302@tickets.example | тел: 8 912 460 81 23","[""https://event-book.ru/item/92""]","[""8 912 460 81 23""]","[""user_3302@tickets.example""]","[""01/01/2027""]","[""46064р""]",купил билет на концерт письмо с билетом не пришло с [DATE] ссылка [URL] цена [PRICE] ответьте на [EMAIL] тел [PHONE],купил билет на концерт письмо с билетом не пришло с ссылка цена ответьте на тел ,"[""купил"", ""билет"", ""концерт"", ""письмо"", ""билетом"", ""пришло""]","[""купить"", ""билет"", ""концерт"", ""письмо"", ""билет"", ""прийти""]"
"💸 Мероприятие  отменили,  когда вернут деньги за билет??? ответьте НА: TEST.USER@yandex.ru",[],[],"[""test.user@yandex.ru""]",[],[],мероприятие отменили когда вернут деньги за билет ответьте на [EMAIL],мероприятие отменили когда вернут деньги за билет ответьте на ,"[""мероприятие"", ""отменили"", ""вернут"", ""деньги"", ""билет""]","[""мероприятие"", ""отменить"", ""вернуть"", ""деньга"", ""билет""]"
"Нужны  два  МЕСТА  рядом,  но система рассадила нас отдельно. смотрите www.event-book.ru/page/94; оформлено 2026-06-21; ответьте НА: user_4674@mail.ru; телефон: +7 (912) 715-59-92","[""www.event-book.ru/page/94""]","[""+7 912 715-59-92""]","[""user_4674@mail.ru""]","[""2026-06-21""]",[],нужны два места рядом но система рассадила нас отдельно смотрите [URL] оформлено [DATE] ответьте на [EMAIL] телефон [PHONE],нужны два места рядом но система рассадила нас отдельно смотрите оформлено ответьте на телефон ,"[""нужны"", ""два"", ""места"", ""рядом"", ""система"", ""рассадила"", ""отдельно""]","[""нужный"", ""два"", ""место"", ""рядом"", ""система"", ""рассадить"", ""отдельно""]"
"Нужны два места рядом, НО система рассадила нас отдельно. Телефон: 8 918 913 87 53 / Нужно на 06/07/2026 / почта: m.smirnova@yandex.ru",[],"[""8 918 913 87 53""]","[""m.smirnova@yandex.ru""]","[""06/07/2026""]",[],нужны два места рядом но система рассадила нас отдельно телефон [PHONE] нужно на [DATE] почта [EMAIL],нужны два места рядом но система рассадила нас отдельно телефон нужно на почта ,"[""нужны"", ""два"", ""места"", ""рядом"", ""система"", ""рассадила"", ""отдельно""]","[""нужный"", ""два"", ""место"", ""рядом"", ""система"", ""рассадить"", ""отдельно""]"
"💸 Купил  Билет  на  концерт,  письмо с билетом Не пришло. нужно на 05.11.2026",[],[],[],"[""05.11.2026""]",[],купил билет на концерт письмо с билетом не пришло нужно на [DATE],купил билет на концерт письмо с билетом не пришло нужно на ,"[""купил"", ""билет"", ""концерт"", ""письмо"", ""билетом"", ""пришло""]","[""купить"", ""билет"", ""концерт"", ""письмо"", ""билет"", ""прийти""]"
🙂 Цена  номера изменилась после ПОДТВЕРЖДЕНИЯ Брони. списали: 847 руб.; ТЕЛЕФОН: 89513103680; смотрите https://www.event-book.ru/support/97?from=mail,"[""https://www.event-book.ru/support/97?from=mail""]","[""89513103680""]",[],[],"[""847 руб""]",цена номера изменилась после подтверждения брони списали [PRICE] телефон [PHONE] смотрите [URL],цена номера изменилась после подтверждения брони списали телефон смотрите ,"[""изменилась"", ""подтверждения"", ""брони""]","[""измениться"", ""подтверждение"", ""бронь""]"
"📌 В БИЛЕТЕ ошибка в фамилии, как исправить ДАННЫЕ? звонить: +7-904-561-73-15 / смотрите www.tickets-example.ru/page/98 !!!","[""www.tickets-example.ru/page/98""]","[""+7-904-561-73-15""]",[],[],[],в билете ошибка в фамилии как исправить данные звонить [PHONE] смотрите [URL],в билете ошибка в фамилии как исправить данные звонить смотрите ,"[""билете"", ""ошибка"", ""фамилии"", ""исправить"", ""данные""]","[""билет"", ""ошибка"", ""фамилия"", ""исправить"", ""дать""]"
💸 Не  ОТКРЫВАЕТСЯ  QR  код билета в приложении. тел: 8 902 410 42 27   списали: 90 052 рублей,[],"[""8 902 410 42 27""]",[],[],"[""90 052 рублей""]",не открывается qr код билета в приложении тел [PHONE] списали [PRICE],не открывается qr код билета в приложении тел списали ,"[""открывается"", ""qr"", ""код"", ""билета"", ""приложении""]","[""открываться"", ""qr"", ""код"", ""билет"", ""приложение""]"
"😡 Хочу отменить бронирование номера, ПОДСКАЖИТЕ условия возврата. цена: 870 рублей",[],[],[],[],"[""870 рублей""]",хочу отменить бронирование номера подскажите условия возврата цена [PRICE],хочу отменить бронирование номера подскажите условия возврата цена ,"[""отменить"", ""бронирование"", ""условия"", ""возврата""]","[""отменить"", ""бронирование"", ""условие"", ""возврат""]"
"🙂 Купил билет на концерт, письмо с билетом не пришло. почта: M.SMIRNOVA@TICKETS.EXAMPLE | URL= https://www.tickets-example.ru/support/101?from=mail | нужно на 25.10.2026 | сумма: 124525 RUB !!!","[""https://www.tickets-example.ru/support/101?from=mail""]",[],"[""m.smirnova@tickets.example""]","[""25.10.2026""]","[""124525 rub""]",купил билет на концерт письмо с билетом не пришло почта [EMAIL] url [URL] нужно на [DATE] сумма [PRICE],купил билет на концерт письмо с билетом не пришло почта url нужно на сумма ,"[""купил"", ""билет"", ""концерт"", ""письмо"", ""билетом"", ""пришло""]","[""купить"", ""билет"", ""концерт"", ""письмо"", ""билет"", ""прийти""]"
"🔥 Нужны два места рядом, Но система рассадила НАС отдельно. с 21-01-27 / цена: 6056р / Ссылка: https://www.event-book.ru/support/102?from=mail","[""https://www.event-book.ru/support/102?from=mail""]",[],[],"[""21-01-27""]","[""6056р""]",нужны два места рядом но система рассадила нас отдельно с [DATE] цена [PRICE] ссылка [URL],нужны два места рядом но система рассадила нас отдельно с цена ссылка ,"[""нужны"", ""два"", ""места"", ""рядом"", ""система"", ""рассадила"", ""отдельно""]","[""нужный"", ""два"", ""место"", ""рядом"", ""система"", ""рассадить"", ""отдельно""]"
"Нужны  два  места  рядом,  но система рассадила нас отдельно. списали: 199 976 ₽ | оформлено 29.07.2026",[],[],[],"[""29.07.2026""]",[],нужны два места рядом но система рассадила нас отдельно списали 199 976 оформлено [DATE],нужны два места рядом но система рассадила нас отдельно списали 199 976 оформлено ,"[""нужны"", ""два"", ""места"", ""рядом"", ""система"", ""рассадила"", ""отдельно""]","[""нужный"", ""два"", ""место"", ""рядом"", ""система"", ""рассадить"", ""отдельно""]"
"Нужны  два  места рядом, но система рассадила нас отдельно. Ссылка: https://www.tickets-example.ru/support/104?from=mail   ответьте на: student2026@tickets.example   звонить: +7-947-238-30-47","[""https://www.tickets-example.ru/support/104?from=mail""]","[""+7-947-238-30-47""]","[""student2026@tickets.example""]",[],[],нужны два места рядом но система рассадила нас отдельно ссылка [URL] ответьте на [EMAIL] звонить [PHONE],нужны два места рядом но система рассадила нас отдельно ссылка ответьте на звонить ,"[""нужны"", ""два"", ""места"", ""рядом"", ""система"", ""рассадила"", ""отдельно""]","[""нужный"", ""два"", ""место"", ""рядом"", ""система"", ""рассадить"", ""отдельно""]"
"В билете ошибка в фамилии, как исправить данные? Ссылка: http://tickets-example.ru/order?id=1105","[""http://tickets-example.ru/order?id=1105""]",[],[],[],[],в билете ошибка в фамилии как исправить данные ссылка [URL],в билете ошибка в фамилии как исправить данные ссылка ,"[""билете"", ""ошибка"", ""фамилии"", ""исправить"", ""данные""]","[""билет"", ""ошибка"", ""фамилия"", ""исправить"", ""дать""]"
"Купил билет На концерт, письмо С билетом не ПРИШЛО. ответьте НА: ivan.petrov@yandex.ru; МОЙ номер: +7 (916) 432-88-59",[],"[""+7 916 432-88-59""]","[""ivan.petrov@yandex.ru""]",[],[],купил билет на концерт письмо с билетом не пришло ответьте на [EMAIL] мой номер [PHONE],купил билет на концерт письмо с билетом не пришло ответьте на мой номер ,"[""купил"", ""билет"", ""концерт"", ""письмо"", ""билетом"", ""пришло""]","[""купить"", ""билет"", ""концерт"", ""письмо"", ""билет"", ""прийти""]"
Можно  Получить  электронный  чек ЗА билеты?,[],[],[],[],[],можно получить электронный чек за билеты,можно получить электронный чек за билеты,"[""получить"", ""электронный"", ""чек"", ""билеты""]","[""получить"", ""электронный"", ""чек"", ""билет""]"
Можно  получить  ЭЛЕКТРОННЫЙ  чек  ЗА билеты?? нужно на 17-11-26,[],[],[],"[""17-11-26""]",[],можно получить электронный чек за билеты нужно на [DATE],можно получить электронный чек за билеты нужно на ,"[""получить"", ""электронный"", ""чек"", ""билеты""]","[""получить"", ""электронный"", ""чек"", ""билет""]"
Не открывается Qr код билета в приложении. URL= WWW.EVENT-BOOK.RU/PAGE/109 / ТЕЛ: 89229574851 / С 2027-01-12 ...,"[""www.event-book.ru/page/109""]","[""89229574851""]",[],"[""2027-01-12""]",[],не открывается qr код билета в приложении url [URL] тел [PHONE] с [DATE],не открывается qr код билета в приложении url тел с ,"[""открывается"", ""qr"", ""код"", ""билета"", ""приложении""]","[""открываться"", ""qr"", ""код"", ""билет"", ""приложение""]"
"Мероприятие отменили, когда вернут деньги за билет?? звонить: 89153104638; email: TEST.USER@tickets.example; дата 28.10.2026; стоимость: 90072р !!!",[],"[""89153104638""]","[""test.user@tickets.example""]","[""28.10.2026""]","[""90072р""]",мероприятие отменили когда вернут деньги за билет звонить [PHONE] email [EMAIL] дата [DATE] стоимость [PRICE],мероприятие отменили когда вернут деньги за билет звонить email дата стоимость ,"[""мероприятие"", ""отменили"", ""вернут"", ""деньги"", ""билет""]","[""мероприятие"", ""отменить"", ""вернуть"", ""деньга"", ""билет""]"
Можно  получить  ЭЛЕКТРОННЫЙ  чек за билеты? тел: 89057528029,[],"[""89057528029""]",[],[],[],можно получить электронный чек за билеты тел [PHONE],можно получить электронный чек за билеты тел ,"[""получить"", ""электронный"", ""чек"", ""билеты""]","[""получить"", ""электронный"", ""чек"", ""билет""]"
Можно ПОЛУЧИТЬ электронный Чек за билеты??? Ссылка: www.event-book.ru/page/112 / e-mail: m.smirnova@mail.ru / тел: +7-935-188-28-43,"[""www.event-book.ru/page/112""]","[""+7-935-188-28-43""]","[""m.smirnova@mail.ru""]",[],[],можно получить электронный чек за билеты ссылка [URL] e-mail [EMAIL] тел [PHONE],можно получить электронный чек за билеты ссылка e-mail тел ,"[""получить"", ""электронный"", ""чек"", ""билеты""]","[""получить"", ""электронный"", ""чек"", ""билет""]"
"Нужны два места рядом, но система рассадила нас отдельно. оформлено 31.12.2026 / ЦЕНА: 199938р",[],[],[],"[""31.12.2026""]","[""199938р""]",нужны два места рядом но система рассадила нас отдельно оформлено [DATE] цена [PRICE],нужны два места рядом но система рассадила нас отдельно оформлено цена ,"[""нужны"", ""два"", ""места"", ""рядом"", ""система"", ""рассадила"", ""отдельно""]","[""нужный"", ""два"", ""место"", ""рядом"", ""система"", ""рассадить"", ""отдельно""]"
Можно получить электронный чек за БИЛЕТЫ? оформлено 19.07.2026; вот СТРАНИЦА https://hotel-demo.ru/item/114; ответьте на: student2026@yandex.ru; телефон: +7-985-702-86-77 ???,"[""https://hotel-demo.ru/item/114""]","[""+7-985-702-86-77""]","[""student2026@yandex.ru""]","[""19.07.2026""]",[],можно получить электронный чек за билеты оформлено [DATE] вот страница [URL] ответьте на [EMAIL] телефон [PHONE],можно получить электронный чек за билеты оформлено вот страница ответьте на телефон ,"[""получить"", ""электронный"", ""чек"", ""билеты""]","[""получить"", ""электронный"", ""чек"", ""билет""]"
"🙂 В БИЛЕТЕ ошибка в фамилии, как исправить данные? сумма: 12995Р   тел: 89276173365   E-MAIL: ivan.petrov@mail.ru   вот страница https://www.tickets-example.ru/support/115?from=mail","[""https://www.tickets-example.ru/support/115?from=mail""]","[""89276173365""]","[""ivan.petrov@mail.ru""]",[],"[""12995р""]",в билете ошибка в фамилии как исправить данные сумма [PRICE] тел [PHONE] e-mail [EMAIL] вот страница [URL],в билете ошибка в фамилии как исправить данные сумма тел e-mail вот страница ,"[""билете"", ""ошибка"", ""фамилии"", ""исправить"", ""данные""]","[""билет"", ""ошибка"", ""фамилия"", ""исправить"", ""дать""]"
"В билете ошибка в ФАМИЛИИ, как исправить данные?? цена: 90 085 ₽   дата 31.01.2027",[],[],[],"[""31.01.2027""]",[],в билете ошибка в фамилии как исправить данные цена 90 085 дата [DATE],в билете ошибка в фамилии как исправить данные цена 90 085 дата ,"[""билете"", ""ошибка"", ""фамилии"", ""исправить"", ""данные""]","[""билет"", ""ошибка"", ""фамилия"", ""исправить"", ""дать""]"
"Мероприятие  ОТМЕНИЛИ,  когда  вернут Деньги за билет??? тел: 89041478049 | стоимость: 13 078 рублей",[],"[""89041478049""]",[],[],"[""13 078 рублей""]",мероприятие отменили когда вернут деньги за билет тел [PHONE] стоимость [PRICE],мероприятие отменили когда вернут деньги за билет тел стоимость ,"[""мероприятие"", ""отменили"", ""вернут"", ""деньги"", ""билет""]","[""мероприятие"", ""отменить"", ""вернуть"", ""деньга"", ""билет""]"
С карты списали ДЕНЬГИ два раза ЗА одно бронирование. стоимость: 46 047 ₽; смотрите https://www.event-book.ru/support/118????from=mail; нужно на 04.06.2026,"[""https://www.event-book.ru/support/118????from=mail""]",[],[],"[""04.06.2026""]",[],с карты списали деньги два раза за одно бронирование стоимость 46 047 смотрите [URL] нужно на [DATE],с карты списали деньги два раза за одно бронирование стоимость 46 047 смотрите нужно на ,"[""карты"", ""деньги"", ""два"", ""бронирование""]","[""карта"", ""деньга"", ""два"", ""бронирование""]"
Цена номера изменилась после подтверждения брони. URL= HTTP://TICKETS-EXAMPLE.RU/ORDER???ID=1119; сумма: 124 529 рублей; телефон: +7 994 886 6293; почта: TEST.USER@tickets.example; оформлено 08.07.2026,"[""http://tickets-example.ru/order???id=1119""]","[""+7 994 886 6293""]","[""test.user@tickets.example""]","[""08.07.2026""]","[""124 529 рублей""]",цена номера изменилась после подтверждения брони url [URL] сумма [PRICE] телефон [PHONE] почта [EMAIL] оформлено [DATE],цена номера изменилась после подтверждения брони url сумма телефон почта оформлено ,"[""изменилась"", ""подтверждения"", ""брони""]","[""измениться"", ""подтверждение"", ""бронь""]"
"В билете ошибка В ФАМИЛИИ, как исправить данные??? тел: +7 909 491 5741   с 04/02/2027   URL= https://www.event-book.ru/support/120???from=mail","[""https://www.event-book.ru/support/120???from=mail""]","[""+7 909 491 5741""]",[],"[""04/02/2027""]",[],в билете ошибка в фамилии как исправить данные тел [PHONE] с [DATE] url [URL],в билете ошибка в фамилии как исправить данные тел с url ,"[""билете"", ""ошибка"", ""фамилии"", ""исправить"", ""данные""]","[""билет"", ""ошибка"", ""фамилия"", ""исправить"", ""дать""]"
🙂 Не открывается QR код билета в приложении. стоимость: 1316р / дата 30.01.2027 / телефон: 89914764346,[],"[""89914764346""]",[],"[""30.01.2027""]","[""1316р""]",не открывается qr код билета в приложении стоимость [PRICE] дата [DATE] телефон [PHONE],не открывается qr код билета в приложении стоимость дата телефон ,"[""открывается"", ""qr"", ""код"", ""билета"", ""приложении""]","[""открываться"", ""qr"", ""код"", ""билет"", ""приложение""]"
🙂 Не Открывается QR код билета в приложении. стоимость: 124 562 ₽ / оформлено 04.02.2027 / вот СТРАНИЦА https://www.event-book.ru/support/122?from=mail ***,"[""https://www.event-book.ru/support/122?from=mail""]",[],[],"[""04.02.2027""]",[],не открывается qr код билета в приложении стоимость 124 562 оформлено [DATE] вот страница [URL],не открывается qr код билета в приложении стоимость 124 562 оформлено вот страница ,"[""открывается"", ""qr"", ""код"", ""билета"", ""приложении""]","[""открываться"", ""qr"", ""код"", ""билет"", ""приложение""]"
Цена номера изменилась после Подтверждения брони. нужно на 17/05/2026   цена: 90021 RUB ...,[],[],[],"[""17/05/2026""]","[""90021 rub""]",цена номера изменилась после подтверждения брони нужно на [DATE] цена [PRICE],цена номера изменилась после подтверждения брони нужно на цена ,"[""изменилась"", ""подтверждения"", ""брони""]","[""измениться"", ""подтверждение"", ""бронь""]"
🔥 С карты списали деньги два раза за одно бронирование. списали: 13 067 руб.; мой номер: +7 947 469 7217; дата 2026-03-20; Ссылка: https://www.hotel-demo.ru/support/124?from=mail; e-mail: help.me@yandex.ru,"[""https://www.hotel-demo.ru/support/124?from=mail""]","[""+7 947 469 7217""]","[""help.me@yandex.ru""]","[""2026-03-20""]","[""13 067 руб""]",с карты списали деньги два раза за одно бронирование списали [PRICE] мой номер [PHONE] дата [DATE] ссылка [URL] e-mail [EMAIL],с карты списали деньги два раза за одно бронирование списали мой номер дата ссылка e-mail ,"[""карты"", ""деньги"", ""два"", ""бронирование""]","[""карта"", ""деньга"", ""два"", ""бронирование""]"
"МЕРОПРИЯТИЕ отменили, когда вернут деньги за БИЛЕТ??? дата 2026-10-09 ***",[],[],[],"[""2026-10-09""]",[],мероприятие отменили когда вернут деньги за билет дата [DATE],мероприятие отменили когда вернут деньги за билет дата ,"[""мероприятие"", ""отменили"", ""вернут"", ""деньги"", ""билет""]","[""мероприятие"", ""отменить"", ""вернуть"", ""деньга"", ""билет""]"
"В  билете  ошибка  в ФАМИЛИИ, как исправить данные? звонить: 8 934 982 18 88",[],"[""8 934 982 18 88""]",[],[],[],в билете ошибка в фамилии как исправить данные звонить [PHONE],в билете ошибка в фамилии как исправить данные звонить ,"[""билете"", ""ошибка"", ""фамилии"", ""исправить"", ""данные""]","[""билет"", ""ошибка"", ""фамилия"", ""исправить"", ""дать""]"
Можно ПОЛУЧИТЬ электронный чек за билеты? почта: m.smirnova@mail.ru ###,[],[],"[""m.smirnova@mail.ru""]",[],[],можно получить электронный чек за билеты почта [EMAIL],можно получить электронный чек за билеты почта ,"[""получить"", ""электронный"", ""чек"", ""билеты""]","[""получить"", ""электронный"", ""чек"", ""билет""]"
Можно  палучить  электронный  чек за билеты????? стоимость: 124528р   нужно на 14.09.2026   Ссылка: https://tickets-example.ru/item/128,"[""https://tickets-example.ru/item/128""]",[],[],"[""14.09.2026""]","[""124528р""]",можно палучить электронный чек за билеты стоимость [PRICE] нужно на [DATE] ссылка [URL],можно палучить электронный чек за билеты стоимость нужно на ссылка ,"[""палучить"", ""электронный"", ""чек"", ""билеты""]","[""палучить"", ""электронный"", ""чек"", ""билет""]"
"Купил билет на концерт, письмо с билетом не пришло. телефон: 89554557079",[],"[""89554557079""]",[],[],[],купил билет на концерт письмо с билетом не пришло телефон [PHONE],купил билет на концерт письмо с билетом не пришло телефон ,"[""купил"", ""билет"", ""концерт"", ""письмо"", ""билетом"", ""пришло""]","[""купить"", ""билет"", ""концерт"", ""письмо"", ""билет"", ""прийти""]"
Можно получить электронный чек За билеты? списали: 199 952 руб.   нужно на 21.09.2026   ответьте на: HELP.ME@YANDEX.RU,[],[],"[""help.me@yandex.ru""]","[""21.09.2026""]","[""199 952 руб""]",можно получить электронный чек за билеты списали [PRICE] нужно на [DATE] ответьте на [EMAIL],можно получить электронный чек за билеты списали нужно на ответьте на ,"[""получить"", ""электронный"", ""чек"", ""билеты""]","[""получить"", ""электронный"", ""чек"", ""билет""]"
"💸 Нужны два Места рядом, но система рассадила нас отдельно. Ссылка: https://www.tickets-example.ru/support/131?from=mail; оформлено 24/07/2026; тел: +7-964-769-66-31; сумма: 513 руб.","[""https://www.tickets-example.ru/support/131?from=mail""]","[""+7-964-769-66-31""]",[],"[""24/07/2026""]","[""513 руб""]",нужны два места рядом но система рассадила нас отдельно ссылка [URL] оформлено [DATE] тел [PHONE]; сумма [PRICE],нужны два места рядом но система рассадила нас отдельно ссылка оформлено тел ; сумма ,"[""нужны"", ""два"", ""места"", ""рядом"", ""система"", ""рассадила"", ""отдельно""]","[""нужный"", ""два"", ""место"", ""рядом"", ""система"", ""рассадить"", ""отдельно""]"
"В билете ошибка в фамилии, как исправить данные? Ссылка: http://event-book.ru/order?id=1132 | оформлено 09-09-26 | почта: user_6811@mail.ru","[""http://event-book.ru/order?id=1132""]",[],"[""user_6811@mail.ru""]","[""09-09-26""]",[],в билете ошибка в фамилии как исправить данные ссылка [URL] оформлено [DATE] почта [EMAIL],в билете ошибка в фамилии как исправить данные ссылка оформлено почта ,"[""билете"", ""ошибка"", ""фамилии"", ""исправить"", ""данные""]","[""билет"", ""ошибка"", ""фамилия"", ""исправить"", ""дать""]"
С карты списали деньги два раза за одно БРОНИРОВАНИЕ. вот страница http://hotel-demo.ru/order?id=1133 / звонить: +7-933-663-46-77,"[""http://hotel-demo.ru/order?id=1133""]","[""+7-933-663-46-77""]",[],[],[],с карты списали деньги два раза за одно бронирование вот страница [URL] звонить [PHONE],с карты списали деньги два раза за одно бронирование вот страница звонить ,"[""карты"", ""деньги"", ""два"", ""бронирование""]","[""карта"", ""деньга"", ""два"", ""бронирование""]"
"⚠️ В билете ошибка в фамилии, как исправить данные?? Ссылка: www.event-book.ru/page/134   цена: 868 ₽","[""www.event-book.ru/page/134""]",[],[],[],[],в билете ошибка в фамилии как исправить данные ссылка [URL] цена 868,в билете ошибка в фамилии как исправить данные ссылка цена 868,"[""билете"", ""ошибка"", ""фамилии"", ""исправить"", ""данные""]","[""билет"", ""ошибка"", ""фамилия"", ""исправить"", ""дать""]"
"Нужны  ДВА  места рядом, но СИСТЕМА рассадила нас отдельно. нужно на 03.09.2026; почта: ivan.petrov@mail.ru; мой Номер: +7 989 524 2890",[],"[""+7 989 524 2890""]","[""ivan.petrov@mail.ru""]","[""03.09.2026""]",[],нужны два места рядом но система рассадила нас отдельно нужно на [DATE] почта [EMAIL] мой номер [PHONE],нужны два места рядом но система рассадила нас отдельно нужно на почта мой номер ,"[""нужны"", ""два"", ""места"", ""рядом"", ""система"", ""рассадила"", ""отдельно""]","[""нужный"", ""два"", ""место"", ""рядом"", ""система"", ""рассадить"", ""отдельно""]"
"🔥 ХОЧУ  отменить  бронирование  номера, подскажите условия возврата. Звонить: +7 957 157 7664; URL= www.hotel-demo.ru/page/136; email: m.smirnova@gmail.com; стоимость: 46 010 ₽","[""www.hotel-demo.ru/page/136""]","[""+7 957 157 7664""]","[""m.smirnova@gmail.com""]",[],[],хочу отменить бронирование номера подскажите условия возврата звонить [PHONE] url [URL] email [EMAIL] стоимость 46 010,хочу отменить бронирование номера подскажите условия возврата звонить url email стоимость 46 010,"[""отменить"", ""бронирование"", ""условия"", ""возврата""]","[""отменить"", ""бронирование"", ""условие"", ""возврат""]"
🙂 Можно получить электронный чек за БИЛЕТЫ? с 17/07/2026; стоимость: 1326р; Ссылка: www.event-book.ru/page/137 ***,"[""www.event-book.ru/page/137""]",[],[],"[""17/07/2026""]","[""1326р""]",можно получить электронный чек за билеты с [DATE] стоимость [PRICE] ссылка [URL],можно получить электронный чек за билеты с стоимость ссылка ,"[""получить"", ""электронный"", ""чек"", ""билеты""]","[""получить"", ""электронный"", ""чек"", ""билет""]"
"Нужны два места рядом, но система рассадила нас отдельно. звонить: 8 950 817 73 46 | дата 2026-09-18",[],"[""8 950 817 73 46""]",[],"[""2026-09-18""]",[],нужны два места рядом но система рассадила нас отдельно звонить [PHONE] дата [DATE],нужны два места рядом но система рассадила нас отдельно звонить дата ,"[""нужны"", ""два"", ""места"", ""рядом"", ""система"", ""рассадила"", ""отдельно""]","[""нужный"", ""два"", ""место"", ""рядом"", ""система"", ""рассадить"", ""отдельно""]"
💸 Не открывается QR код билета в приложении. стоимость: 90 046 руб. / Телефон: +7-922-997-48-54,[],"[""+7-922-997-48-54""]",[],[],"[""90 046 руб""]",не открывается qr код билета в приложении стоимость [PRICE] телефон [PHONE],не открывается qr код билета в приложении стоимость телефон ,"[""открывается"", ""qr"", ""код"", ""билета"", ""приложении""]","[""открываться"", ""qr"", ""код"", ""билет"", ""приложение""]"
🔥 Не открывается QR код билета в приложении. с 2026-10-06 | ТЕЛЕФОН: +7 957 100 9639 ???,[],"[""+7 957 100 9639""]",[],"[""2026-10-06""]",[],не открывается qr код билета в приложении с [DATE] телефон [PHONE],не открывается qr код билета в приложении с телефон ,"[""открывается"", ""qr"", ""код"", ""билета"", ""приложении""]","[""открываться"", ""qr"", ""код"", ""билет"", ""приложение""]"
Цена номера изменилась после подтверждения брони. СУММА: 6086 RUB; ответьте на: student2026@yandex.ru ???,[],[],"[""student2026@yandex.ru""]",[],"[""6086 rub""]",цена номера изменилась после подтверждения брони сумма [PRICE] ответьте на [EMAIL],цена номера изменилась после подтверждения брони сумма ответьте на ,"[""изменилась"", ""подтверждения"", ""брони""]","[""измениться"", ""подтверждение"", ""бронь""]"
"НУЖНЫ два места рядом, но система рассадила нас отдельно. с 09/07/2026",[],[],[],"[""09/07/2026""]",[],нужны два места рядом но система рассадила нас отдельно с [DATE],нужны два места рядом но система рассадила нас отдельно с ,"[""нужны"", ""два"", ""места"", ""рядом"", ""система"", ""рассадила"", ""отдельно""]","[""нужный"", ""два"", ""место"", ""рядом"", ""система"", ""рассадить"", ""отдельно""]"
"📌 КУПИЛ билет на концерт, письмо с БИЛЕТОМ не пришло. URL= www.hotel-demo.ru/page/143   дата 29/04/2026   тел: +7 (925) 737-68-99   почта: help.me@gmail.com","[""www.hotel-demo.ru/page/143""]","[""+7 925 737-68-99""]","[""help.me@gmail.com""]","[""29/04/2026""]",[],купил билет на концерт письмо с билетом не пришло url [URL] дата [DATE] тел [PHONE] почта [EMAIL],купил билет на концерт письмо с билетом не пришло url дата тел почта ,"[""купил"", ""билет"", ""концерт"", ""письмо"", ""билетом"", ""пришло""]","[""купить"", ""билет"", ""концерт"", ""письмо"", ""билет"", ""прийти""]"
Можно  перенести  бронь  отеля на другую ДАТУ без штрафа???? МОЙ номер: +7 974 146 2426   ответьте на: ivan.petrov@mail.ru   цена: 90 042 рублей,[],"[""+7 974 146 2426""]","[""ivan.petrov@mail.ru""]",[],"[""90 042 рублей""]",можно перенести бронь отеля на другую дату без штрафа мой номер [PHONE] ответьте на [EMAIL] цена [PRICE],можно перенести бронь отеля на другую дату без штрафа мой номер ответьте на цена ,"[""перенести"", ""бронь"", ""отеля"", ""другую"", ""штрафа""]","[""перенести"", ""бронь"", ""отель"", ""другой"", ""штраф""]"
Можно  получить  электронный  Чек  за билеты????? мой НОМЕР: +7-931-824-51-46 / e-mail: ivan.petrov@mail.ru / стоимость: 124597р,[],"[""+7-931-824-51-46""]","[""ivan.petrov@mail.ru""]",[],"[""124597р""]",можно получить электронный чек за билеты мой номер [PHONE] e-mail [EMAIL] стоимость [PRICE],можно получить электронный чек за билеты мой номер e-mail стоимость ,"[""получить"", ""электронный"", ""чек"", ""билеты""]","[""получить"", ""электронный"", ""чек"", ""билет""]"
Не  открывается  QR  код  билета в приложении. звонить: +7 961 651 6626   стоимость: 581 RUB   оформлено 16.05.2026   email: Help.me@mail.ru,[],"[""+7 961 651 6626""]","[""help.me@mail.ru""]","[""16.05.2026""]","[""581 rub""]",не открывается qr код билета в приложении звонить [PHONE] стоимость [PRICE] оформлено [DATE] email [EMAIL],не открывается qr код билета в приложении звонить стоимость оформлено email ,"[""открывается"", ""qr"", ""код"", ""билета"", ""приложении""]","[""открываться"", ""qr"", ""код"", ""билет"", ""приложение""]"
Можно перенести бронь отеля на другую дату без штрафа? нужно на 14.08.2026; сумма: 6046р,[],[],[],"[""14.08.2026""]","[""6046р""]",можно перенести бронь отеля на другую дату без штрафа нужно на [DATE] сумма [PRICE],можно перенести бронь отеля на другую дату без штрафа нужно на сумма ,"[""перенести"", ""бронь"", ""отеля"", ""другую"", ""штрафа""]","[""перенести"", ""бронь"", ""отель"", ""другой"", ""штраф""]"
"Хочу  отменить  бронирование номера, подскажите условия возврата. с 04/08/2026; e-mail: help.me@gmail.com; вот страница https://www.tickets-example.ru/support/148?from=mail","[""https://www.tickets-example.ru/support/148?from=mail""]",[],"[""help.me@gmail.com""]","[""04/08/2026""]",[],хочу отменить бронирование номера подскажите условия возврата с [DATE] e-mail [EMAIL] вот страница [URL],хочу отменить бронирование номера подскажите условия возврата с e-mail вот страница ,"[""отменить"", ""бронирование"", ""условия"", ""возврата""]","[""отменить"", ""бронирование"", ""условие"", ""возврат""]"
С  карты  списали деньги два раза за одно бронирование. с 27-07-26 | ответьте на: user_6345@gmail.com,[],[],"[""user_6345@gmail.com""]","[""27-07-26""]",[],с карты списали деньги два раза за одно бронирование с [DATE] ответьте на [EMAIL],с карты списали деньги два раза за одно бронирование с ответьте на ,"[""карты"", ""деньги"", ""два"", ""бронирование""]","[""карта"", ""деньга"", ""два"", ""бронирование""]"
"Нужны два места рядом, но система рассадила нас отдельно. списали: 199 994 рублей",[],[],[],[],"[""199 994 рублей""]",нужны два места рядом но система рассадила нас отдельно списали [PRICE],нужны два места рядом но система рассадила нас отдельно списали ,"[""нужны"", ""два"", ""места"", ""рядом"", ""система"", ""рассадила"", ""отдельно""]","[""нужный"", ""два"", ""место"", ""рядом"", ""система"", ""рассадить"", ""отдельно""]"
С  карты списали ДЕНЬГИ два раза за одно бронирование. тел: 8 949 993 36 76 / нужно На 2027-02-26 / смотрите https://hotel-demo.ru/item/151,"[""https://hotel-demo.ru/item/151""]","[""8 949 993 36 76""]",[],"[""2027-02-26""]",[],с карты списали деньги два раза за одно бронирование тел [PHONE] нужно на [DATE] смотрите [URL],с карты списали деньги два раза за одно бронирование тел нужно на смотрите ,"[""карты"", ""деньги"", ""два"", ""бронирование""]","[""карта"", ""деньга"", ""два"", ""бронирование""]"
🙂 Цена  номера изменилась после подтверждения брони. тел: 89734619976 | почта: Ivan.petrov@tickets.example | сумма: 6 040 ₽ | оформлено 2026-11-02,[],"[""89734619976""]","[""ivan.petrov@tickets.example""]","[""2026-11-02""]",[],цена номера изменилась после подтверждения брони тел [PHONE] почта [EMAIL] сумма 6 040 оформлено [DATE],цена номера изменилась после подтверждения брони тел почта сумма 6 040 оформлено ,"[""изменилась"", ""подтверждения"", ""брони""]","[""измениться"", ""подтверждение"", ""бронь""]"
"Нужны  два  места рядом, но система РАССАДИЛА нас отдельно. URL= www.hotel-demo.ru/page/153","[""www.hotel-demo.ru/page/153""]",[],[],[],[],нужны два места рядом но система рассадила нас отдельно url [URL],нужны два места рядом но система рассадила нас отдельно url ,"[""нужны"", ""два"", ""места"", ""рядом"", ""система"", ""рассадила"", ""отдельно""]","[""нужный"", ""два"", ""место"", ""рядом"", ""система"", ""рассадить"", ""отдельно""]"
Цена номера изменилась после подтверждения брони. почта: m.smirnova@gmail.com / СТОИМОСТЬ: 199952 RUB ...,[],[],"[""m.smirnova@gmail.com""]",[],"[""199952 rub""]",цена номера изменилась после подтверждения брони почта [EMAIL] стоимость [PRICE],цена номера изменилась после подтверждения брони почта стоимость ,"[""изменилась"", ""подтверждения"", ""брони""]","[""измениться"", ""подтверждение"", ""бронь""]"
"НУЖНЫ два места рядом, но СИСТЕМА рассадила нас отдельно. дата 2026-04-13   стоимость: 90045 RUB   тел: 89289756832 ...",[],"[""89289756832""]",[],"[""2026-04-13""]","[""90045 rub""]",нужны два места рядом но система рассадила нас отдельно дата [DATE] стоимость [PRICE] тел [PHONE],нужны два места рядом но система рассадила нас отдельно дата стоимость тел ,"[""нужны"", ""два"", ""места"", ""рядом"", ""система"", ""рассадила"", ""отдельно""]","[""нужный"", ""два"", ""место"", ""рядом"", ""система"", ""рассадить"", ""отдельно""]"
Можно перенести бронь отеля НА другую дату без штрафа???? тел: +7 (961) 488-53-18 | вот страница http://event-book.ru/order?id=1156 | нужно на 2026-05-25,"[""http://event-book.ru/order?id=1156""]","[""+7 961 488-53-18""]",[],"[""2026-05-25""]",[],можно перенести бронь отеля на другую дату без штрафа тел [PHONE] вот страница [URL] нужно на [DATE],можно перенести бронь отеля на другую дату без штрафа тел вот страница нужно на ,"[""перенести"", ""бронь"", ""отеля"", ""другую"", ""штрафа""]","[""перенести"", ""бронь"", ""отель"", ""другой"", ""штраф""]"
"😡 Мероприятие  отменили,  Когда  Вернут  деньги за билет?",[],[],[],[],[],мероприятие отменили когда вернут деньги за билет,мероприятие отменили когда вернут деньги за билет,"[""мероприятие"", ""отменили"", ""вернут"", ""деньги"", ""билет""]","[""мероприятие"", ""отменить"", ""вернуть"", ""деньга"", ""билет""]"
Не Открывается QR код билета в ПРИЛОЖЕНИИ. Нужно на 01/11/2026   списали: 6 075 рублей,[],[],[],"[""01/11/2026""]","[""6 075 рублей""]",не открывается qr код билета в приложении нужно на [DATE] списали [PRICE],не открывается qr код билета в приложении нужно на списали ,"[""открывается"", ""qr"", ""код"", ""билета"", ""приложении""]","[""открываться"", ""qr"", ""код"", ""билет"", ""приложение""]"
Можно получить электронный чек за билеты????? дата 28.06.2026 / ответьте На: user_3023@tickets.example,[],[],"[""user_3023@tickets.example""]","[""28.06.2026""]",[],можно получить электронный чек за билеты дата [DATE] ответьте на [EMAIL],можно получить электронный чек за билеты дата ответьте на ,"[""получить"", ""электронный"", ""чек"", ""билеты""]","[""получить"", ""электронный"", ""чек"", ""билет""]"
С карты СПИСАЛИ деньги два раза за ОДНО БРОНИРОВАНИЕ. тел: +7 (926) 471-89-18; цена: 46071 RUB,[],"[""+7 926 471-89-18""]",[],[],"[""46071 rub""]",с карты списали деньги два раза за одно бронирование тел [PHONE] цена [PRICE],с карты списали деньги два раза за одно бронирование тел цена ,"[""карты"", ""деньги"", ""два"", ""бронирование""]","[""карта"", ""деньга"", ""два"", ""бронирование""]"
"🙂 Хочу отменить бронирование номера, подскажите условия возврата. почта: ivan.petrov@gmail.com | ЗВОНИТЬ: +7-969-850-12-59",[],"[""+7-969-850-12-59""]","[""ivan.petrov@gmail.com""]",[],[],хочу отменить бронирование номера подскажите условия возврата почта [EMAIL] звонить [PHONE],хочу отменить бронирование номера подскажите условия возврата почта звонить ,"[""отменить"", ""бронирование"", ""условия"", ""возврата""]","[""отменить"", ""бронирование"", ""условие"", ""возврат""]"
"Купил  билет  на  концерт, письмо с билетом не пришло. списали: 2500р   URL= https://hotel-demo.ru/item/162   оформлено 20/09/2026   звонить: 89113503049","[""https://hotel-demo.ru/item/162""]","[""89113503049""]",[],"[""20/09/2026""]","[""2500р""]",купил билет на концерт письмо с билетом не пришло списали [PRICE] url [URL] оформлено [DATE] звонить [PHONE],купил билет на концерт письмо с билетом не пришло списали url оформлено звонить ,"[""купил"", ""билет"", ""концерт"", ""письмо"", ""билетом"", ""пришло""]","[""купить"", ""билет"", ""концерт"", ""письмо"", ""билет"", ""прийти""]"
"Мероприятие отменили, когда вернут деньги за билет? с 2026-05-02   сумма: 5 997 ₽   смотрите Http://hotel-demo.ru/order?id=1163","[""http://hotel-demo.ru/order?id=1163""]",[],[],"[""2026-05-02""]",[],мероприятие отменили когда вернут деньги за билет с [DATE] сумма 5 997 смотрите [URL],мероприятие отменили когда вернут деньги за билет с сумма 5 997 смотрите ,"[""мероприятие"", ""отменили"", ""вернут"", ""деньги"", ""билет""]","[""мероприятие"", ""отменить"", ""вернуть"", ""деньга"", ""билет""]"
"В билете ошибка в ФАМИЛИИ, КАК исправить Данные? смотрите https://www.tickets-example.ru/support/164?from=mail / СУММА: 199 959 руб.","[""https://www.tickets-example.ru/support/164?from=mail""]",[],[],[],"[""199 959 руб""]",в билете ошибка в фамилии как исправить данные смотрите [URL] сумма [PRICE],в билете ошибка в фамилии как исправить данные смотрите сумма ,"[""билете"", ""ошибка"", ""фамилии"", ""исправить"", ""данные""]","[""билет"", ""ошибка"", ""фамилия"", ""исправить"", ""дать""]"
Не  открывается Qr код БИЛЕТА в приложении. смотрите https://www.tickets-example.ru/support/165???from=mail | почта: M.smirnova@tickets.example | звонить: +7 (950) 265-12-46,"[""https://www.tickets-example.ru/support/165???from=mail""]","[""+7 950 265-12-46""]","[""m.smirnova@tickets.example""]",[],[],не открывается qr код билета в приложении смотрите [URL] почта [EMAIL] звонить [PHONE],не открывается qr код билета в приложении смотрите почта звонить ,"[""открывается"", ""qr"", ""код"", ""билета"", ""приложении""]","[""открываться"", ""qr"", ""код"", ""билет"", ""приложение""]"
"В билете ошибка в фамилии, КАК ИСПРАВИТЬ ДАННЫЕ? сумма: 6 056 рублей; ССЫЛКА: www.event-book.ru/page/166 ***","[""www.event-book.ru/page/166""]",[],[],[],"[""6 056 рублей""]",в билете ошибка в фамилии как исправить данные сумма [PRICE] ссылка [URL],в билете ошибка в фамилии как исправить данные сумма ссылка ,"[""билете"", ""ошибка"", ""фамилии"", ""исправить"", ""данные""]","[""билет"", ""ошибка"", ""фамилия"", ""исправить"", ""дать""]"
"Нужны два МЕСТА рядом, но система рассадила нас отдельно. цена: 124591р   ответьте на: help.me@gmail.com   оформлено 2026-12-23",[],[],"[""help.me@gmail.com""]","[""2026-12-23""]","[""124591р""]",нужны два места рядом но система рассадила нас отдельно цена [PRICE] ответьте на [EMAIL] оформлено [DATE],нужны два места рядом но система рассадила нас отдельно цена ответьте на оформлено ,"[""нужны"", ""два"", ""места"", ""рядом"", ""система"", ""рассадила"", ""отдельно""]","[""нужный"", ""два"", ""место"", ""рядом"", ""система"", ""рассадить"", ""отдельно""]"
🙂 С  карты  списали деньги два раза за ОДНО Бронирование. Url= https://hotel-demo.ru/item/168; email: ivan.petrov@mail.ru; мой номер: +7 (947) 483-60-62; оформлено 04.12.2026 ...,"[""https://hotel-demo.ru/item/168""]","[""+7 947 483-60-62""]","[""ivan.petrov@mail.ru""]","[""04.12.2026""]",[],с карты списали деньги два раза за одно бронирование url [URL] email [EMAIL] мой номер [PHONE] оформлено [DATE],с карты списали деньги два раза за одно бронирование url email мой номер оформлено ,"[""карты"", ""деньги"", ""два"", ""бронирование""]","[""карта"", ""деньга"", ""два"", ""бронирование""]"
"Мероприятие отменили, когда вернут деньги за билет? вот СТРАНИЦА HTTPS://WWW.TICKETS-EXAMPLE.RU/SUPPORT/169?FROM=MAIL","[""https://www.tickets-example.ru/support/169?from=mail""]",[],[],[],[],мероприятие отменили когда вернут деньги за билет вот страница [URL],мероприятие отменили когда вернут деньги за билет вот страница ,"[""мероприятие"", ""отменили"", ""вернут"", ""деньги"", ""билет""]","[""мероприятие"", ""отменить"", ""вернуть"", ""деньга"", ""билет""]"
Цена  номера  изменилась после подтверждения брони. списали: 6 011 РУБ.   оформлено 2026-05-14   email: student2026@tickets.example,[],[],"[""student2026@tickets.example""]","[""2026-05-14""]","[""6 011 руб""]",цена номера изменилась после подтверждения брони списали [PRICE] оформлено [DATE] email [EMAIL],цена номера изменилась после подтверждения брони списали оформлено email ,"[""изменилась"", ""подтверждения"", ""брони""]","[""измениться"", ""подтверждение"", ""бронь""]"
Не  ОТКРЫВАЕТСЯ  QR  Код билета в приложении. email: student2026@tickets.example; списали: 1308 Rub,[],[],"[""student2026@tickets.example""]",[],"[""1308 rub""]",не открывается qr код билета в приложении email [EMAIL] списали [PRICE],не открывается qr код билета в приложении email списали ,"[""открывается"", ""qr"", ""код"", ""билета"", ""приложении""]","[""открываться"", ""qr"", ""код"", ""билет"", ""приложение""]"
"Хочу  отменить  бронирование Номера, Подскажите Условия возврата. звонить: +7 (981) 474-44-93 / e-mail: TEST.USER@MAIL.RU ???",[],"[""+7 981 474-44-93""]","[""test.user@mail.ru""]",[],[],хочу отменить бронирование номера подскажите условия возврата звонить [PHONE] e-mail [EMAIL],хочу отменить бронирование номера подскажите условия возврата звонить e-mail ,"[""отменить"", ""бронирование"", ""условия"", ""возврата""]","[""отменить"", ""бронирование"", ""условие"", ""возврат""]"
Не открывается Qr код билета в приложении. вот СТРАНИЦА https://event-book.ru/item/173; Стоимость: 2 547 ₽; телефон: +7 979 318 3665; нужно на 2026-09-20,"[""https://event-book.ru/item/173""]","[""+7 979 318 3665""]",[],"[""2026-09-20""]",[],не открывается qr код билета в приложении вот страница [URL] стоимость 2 547 телефон [PHONE] нужно на [DATE],не открывается qr код билета в приложении вот страница стоимость 2 547 телефон нужно на ,"[""открывается"", ""qr"", ""код"", ""билета"", ""приложении""]","[""открываться"", ""qr"", ""код"", ""билет"", ""приложение""]"
Цена номера ИЗМЕНИЛАСЬ после подтверждения брони. email: TEST.USER@mail.ru; мой номер: 8 913 605 10 89; оформлено 22-08-26; СУММА: 2543р,[],"[""8 913 605 10 89""]","[""test.user@mail.ru""]","[""22-08-26""]","[""2543р""]",цена номера изменилась после подтверждения брони email [EMAIL] мой номер [PHONE] оформлено [DATE] сумма [PRICE],цена номера изменилась после подтверждения брони email мой номер оформлено сумма ,"[""изменилась"", ""подтверждения"", ""брони""]","[""измениться"", ""подтверждение"", ""бронь""]"
Можно получить электронный чек за билеты? e-mail: user_4590@gmail.com,[],[],"[""user_4590@gmail.com""]",[],[],можно получить электронный чек за билеты e-mail [EMAIL],можно получить электронный чек за билеты e-mail ,"[""получить"", ""электронный"", ""чек"", ""билеты""]","[""получить"", ""электронный"", ""чек"", ""билет""]"
😡 С КАРТЫ списали деньги два Раза за одно бронирование. звонить: 8 992 357 89 43 / Ссылка: www.event-book.ru/page/176 / списали: 565р,"[""www.event-book.ru/page/176""]","[""8 992 357 89 43""]",[],[],"[""565р""]",с карты списали деньги два раза за одно бронирование звонить [PHONE] ссылка [URL] списали [PRICE],с карты списали деньги два раза за одно бронирование звонить ссылка списали ,"[""карты"", ""деньги"", ""два"", ""бронирование""]","[""карта"", ""деньга"", ""два"", ""бронирование""]"
"Купил БИЛЕТ на концерт, письмо с билетом не пришло. сумма: 6 079 ₽; смотрите HTTP://EVENT-BOOK.RU/ORDER??ID=1177","[""http://event-book.ru/order??id=1177""]",[],[],[],[],купил билет на концерт письмо с билетом не пришло сумма 6 079 смотрите [URL],купил билет на концерт письмо с билетом не пришло сумма 6 079 смотрите ,"[""купил"", ""билет"", ""концерт"", ""письмо"", ""билетом"", ""пришло""]","[""купить"", ""билет"", ""концерт"", ""письмо"", ""билет"", ""прийти""]"
😡 Можно  перенести  бронь отеля на другую дату без штрафа????? e-mail: student2026@yandex.ru / дата 10-04-26 / тел: 8 913 835 16 83,[],"[""8 913 835 16 83""]","[""student2026@yandex.ru""]","[""10-04-26""]",[],можно перенести бронь отеля на другую дату без штрафа e-mail [EMAIL] дата [DATE] тел [PHONE],можно перенести бронь отеля на другую дату без штрафа e-mail дата тел ,"[""перенести"", ""бронь"", ""отеля"", ""другую"", ""штрафа""]","[""перенести"", ""бронь"", ""отель"", ""другой"", ""штраф""]"
"Мероприятие отменили, когда вернут деньги за билет?? сумма: 13069 RUB   тел: 89651571235   URL= https://event-book.ru/item/179","[""https://event-book.ru/item/179""]","[""89651571235""]",[],[],"[""13069 rub""]",мероприятие отменили когда вернут деньги за билет сумма [PRICE] тел [PHONE] url [URL],мероприятие отменили когда вернут деньги за билет сумма тел url ,"[""мероприятие"", ""отменили"", ""вернут"", ""деньги"", ""билет""]","[""мероприятие"", ""отменить"", ""вернуть"", ""деньга"", ""билет""]"
"Хочу отменить бронирование номера, подскажите условия возврата. мой номер: 8 969 708 75 74   Стоимость: 2 520 руб.   email: student2026@mail.ru   нужно На 2026-07-31",[],"[""8 969 708 75 74""]","[""student2026@mail.ru""]","[""2026-07-31""]","[""2 520 руб""]",хочу отменить бронирование номера подскажите условия возврата мой номер [PHONE] стоимость [PRICE] email [EMAIL] нужно на [DATE],хочу отменить бронирование номера подскажите условия возврата мой номер стоимость email нужно на ,"[""отменить"", ""бронирование"", ""условия"", ""возврата""]","[""отменить"", ""бронирование"", ""условие"", ""возврат""]"
💸 Цена номера изменилась после подтверждения брони. мой номер: +7 963 911 8649   стоимость: 13 004 рублей,[],"[""+7 963 911 8649""]",[],[],"[""13 004 рублей""]",цена номера изменилась после подтверждения брони мой номер [PHONE] стоимость [PRICE],цена номера изменилась после подтверждения брони мой номер стоимость ,"[""изменилась"", ""подтверждения"", ""брони""]","[""измениться"", ""подтверждение"", ""бронь""]"
С КАРТЫ списали деньги два раза ЗА одно бронирование. URL= http://tickets-example.ru/order?id=1182 / мой номер: +7-995-545-23-26 / цена: 46 006 рублей,"[""http://tickets-example.ru/order?id=1182""]","[""+7-995-545-23-26""]",[],[],"[""46 006 рублей""]",с карты списали деньги два раза за одно бронирование url [URL] мой номер [PHONE] цена [PRICE],с карты списали деньги два раза за одно бронирование url мой номер цена ,"[""карты"", ""деньги"", ""два"", ""бронирование""]","[""карта"", ""деньга"", ""два"", ""бронирование""]"
Можно  перенести  БРОНЬ  отеля  на другую ДАТУ без штрафа? ...,[],[],[],[],[],можно перенести бронь отеля на другую дату без штрафа,можно перенести бронь отеля на другую дату без штрафа,"[""перенести"", ""бронь"", ""отеля"", ""другую"", ""штрафа""]","[""перенести"", ""бронь"", ""отель"", ""другой"", ""штраф""]"
МОЖНО перенести бронь отеля на ДРУГУЮ дату без штрафа????? сумма: 868 RUB   смотрите www.event-book.ru/page/184,"[""www.event-book.ru/page/184""]",[],[],[],"[""868 rub""]",можно перенести бронь отеля на другую дату без штрафа сумма [PRICE] смотрите [URL],можно перенести бронь отеля на другую дату без штрафа сумма смотрите ,"[""перенести"", ""бронь"", ""отеля"", ""другую"", ""штрафа""]","[""перенести"", ""бронь"", ""отель"", ""другой"", ""штраф""]"
Не открывается QR код билета в приложении. URL= https://tickets-example.ru/item/185; звонить: 8 980 172 12 92,"[""https://tickets-example.ru/item/185""]","[""8 980 172 12 92""]",[],[],[],не открывается qr код билета в приложении url [URL] звонить [PHONE],не открывается qr код билета в приложении url звонить ,"[""открывается"", ""qr"", ""код"", ""билета"", ""приложении""]","[""открываться"", ""qr"", ""код"", ""билет"", ""приложение""]"
"Мероприятие  отменили, когда вернут деньги за билет??? мой номер: 8 973 896 69 19 | с 2027-01-24 | ответьте на: user_1685@mail.ru ###",[],"[""8 973 896 69 19""]","[""user_1685@mail.ru""]","[""2027-01-24""]",[],мероприятие отменили когда вернут деньги за билет мой номер [PHONE] с [DATE] ответьте на [EMAIL],мероприятие отменили когда вернут деньги за билет мой номер с ответьте на ,"[""мероприятие"", ""отменили"", ""вернут"", ""деньги"", ""билет""]","[""мероприятие"", ""отменить"", ""вернуть"", ""деньга"", ""билет""]"
⚠️ Можно перенести бронь отеля На другую ДАТУ без штрафа?? Url= http://tickets-example.ru/order?id=1187; мой номер: 8 911 357 22 55,"[""http://tickets-example.ru/order?id=1187""]","[""8 911 357 22 55""]",[],[],[],можно перенести бронь отеля на другую дату без штрафа url [URL] мой номер [PHONE],можно перенести бронь отеля на другую дату без штрафа url мой номер ,"[""перенести"", ""бронь"", ""отеля"", ""другую"", ""штрафа""]","[""перенести"", ""бронь"", ""отель"", ""другой"", ""штраф""]"
С карты СПИСАЛИ деньги два раза за ОДНО бронирование. СМОТРИТЕ HTTPS://WWW.HOTEL-DEMO.RU/SUPPORT/188?FROM=MAIL | с 10/10/2026 | email: help.me@gmail.com,"[""https://www.hotel-demo.ru/support/188?from=mail""]",[],"[""help.me@gmail.com""]","[""10/10/2026""]",[],с карты списали деньги два раза за одно бронирование смотрите [URL] с [DATE] email [EMAIL],с карты списали деньги два раза за одно бронирование смотрите с email ,"[""карты"", ""деньги"", ""два"", ""бронирование""]","[""карта"", ""деньга"", ""два"", ""бронирование""]"
"🔥 Мероприятие  отменили,  когда  вернут деньги за билет???? списали: 13042 RUB   email: help.me@mail.ru   вот страница WWW.TICKETS-EXAMPLE.RU/PAGE/189","[""www.tickets-example.ru/page/189""]",[],"[""help.me@mail.ru""]",[],"[""13042 rub""]",мероприятие отменили когда вернут деньги за билет списали [PRICE] email [EMAIL] вот страница [URL],мероприятие отменили когда вернут деньги за билет списали email вот страница ,"[""мероприятие"", ""отменили"", ""вернут"", ""деньги"", ""билет""]","[""мероприятие"", ""отменить"", ""вернуть"", ""деньга"", ""билет""]"
Цена номера изменилась после ПОДТВЕРЖДЕНИЯ брони. URL= https://hotel-demo.ru/item/190 / ответьте на: m.smirnova@mail.ru,"[""https://hotel-demo.ru/item/190""]",[],"[""m.smirnova@mail.ru""]",[],[],цена номера изменилась после подтверждения брони url [URL] ответьте на [EMAIL],цена номера изменилась после подтверждения брони url ответьте на ,"[""изменилась"", ""подтверждения"", ""брони""]","[""измениться"", ""подтверждение"", ""бронь""]"
"Хочу  отменить  бронирование  номера, ПОДСКАЖИТЕ условия возврата. сумма: 6 084 рублей | email: TEST.USER@gmail.com | нужно на 05/07/2026",[],[],"[""test.user@gmail.com""]","[""05/07/2026""]","[""6 084 рублей""]",хочу отменить бронирование номера подскажите условия возврата сумма [PRICE] email [EMAIL] нужно на [DATE],хочу отменить бронирование номера подскажите условия возврата сумма email нужно на ,"[""отменить"", ""бронирование"", ""условия"", ""возврата""]","[""отменить"", ""бронирование"", ""условие"", ""возврат""]"
Цена  номера  изменилась  после  Подтверждения брони. телефон: +7-924-974-21-43,[],"[""+7-924-974-21-43""]",[],[],[],цена номера изменилась после подтверждения брони телефон [PHONE],цена номера изменилась после подтверждения брони телефон ,"[""изменилась"", ""подтверждения"", ""брони""]","[""измениться"", ""подтверждение"", ""бронь""]"
"Хочу  отменить бронирование номера, подскажите УСЛОВИЯ возврата. дата 15-01-27; e-mail: TEST.USER@mail.ru",[],[],"[""test.user@mail.ru""]","[""15-01-27""]",[],хочу отменить бронирование номера подскажите условия возврата дата [DATE] e-mail [EMAIL],хочу отменить бронирование номера подскажите условия возврата дата e-mail ,"[""отменить"", ""бронирование"", ""условия"", ""возврата""]","[""отменить"", ""бронирование"", ""условие"", ""возврат""]"
"Хочу  отменить  бронирование  номера, Подскажите условия возврата.",[],[],[],[],[],хочу отменить бронирование номера подскажите условия возврата,хочу отменить бронирование номера подскажите условия возврата,"[""отменить"", ""бронирование"", ""условия"", ""возврата""]","[""отменить"", ""бронирование"", ""условие"", ""возврат""]"
Можно ПОЛУЧИТЬ электронный чек За билеты???? email: m.smirnova@gmail.com | стоимость: 2503р,[],[],"[""m.smirnova@gmail.com""]",[],"[""2503р""]",можно получить электронный чек за билеты email [EMAIL] стоимость [PRICE],можно получить электронный чек за билеты email стоимость ,"[""получить"", ""электронный"", ""чек"", ""билеты""]","[""получить"", ""электронный"", ""чек"", ""билет""]"
Можно  ПОЛУЧИТЬ  электронный чек за билеты? ответьте на: ivan.petrov@yandex.ru,[],[],"[""ivan.petrov@yandex.ru""]",[],[],можно получить электронный чек за билеты ответьте на [EMAIL],можно получить электронный чек за билеты ответьте на ,"[""получить"", ""электронный"", ""чек"", ""билеты""]","[""получить"", ""электронный"", ""чек"", ""билет""]"
"📌 В билете ошибка в Фамилии, как исправить данные? ответьте на: TEST.USER@yandex.ru / стоимость: 13 019 РУБЛЕЙ / телефон: +7 (987) 546-74-96 !!!",[],"[""+7 987 546-74-96""]","[""test.user@yandex.ru""]",[],"[""13 019 рублей""]",в билете ошибка в фамилии как исправить данные ответьте на [EMAIL] стоимость [PRICE] телефон [PHONE],в билете ошибка в фамилии как исправить данные ответьте на стоимость телефон ,"[""билете"", ""ошибка"", ""фамилии"", ""исправить"", ""данные""]","[""билет"", ""ошибка"", ""фамилия"", ""исправить"", ""дать""]"
Не открывается QR код билета в приложении. URL= www.tickets-example.ru/page/198 / списали: 1 380 ₽,"[""www.tickets-example.ru/page/198""]",[],[],[],[],не открывается qr код билета в приложении url [URL] списали 1 380,не открывается qr код билета в приложении url списали 1 380,"[""открывается"", ""qr"", ""код"", ""билета"", ""приложении""]","[""открываться"", ""qr"", ""код"", ""билет"", ""приложение""]"
"Нужны  два  места  РЯДОМ, но система рассадила нас отдельно. сумма: 6069 RUB | Ответьте на: TEST.USER@YANDEX.RU",[],[],"[""test.user@yandex.ru""]",[],"[""6069 rub""]",нужны два места рядом но система рассадила нас отдельно сумма [PRICE] ответьте на [EMAIL],нужны два места рядом но система рассадила нас отдельно сумма ответьте на ,"[""нужны"", ""два"", ""места"", ""рядом"", ""система"", ""рассадила"", ""отдельно""]","[""нужный"", ""два"", ""место"", ""рядом"", ""система"", ""рассадить"", ""отдельно""]"
Можно  получить  электронный  чек за Билеты? нужно на 2026-04-12,[],[],[],"[""2026-04-12""]",[],можно получить электронный чек за билеты нужно на [DATE],можно получить электронный чек за билеты нужно на ,"[""получить"", ""электронный"", ""чек"", ""билеты""]","[""получить"", ""электронный"", ""чек"", ""билет""]"
"МЕРОПРИЯТИЕ ОТМЕНИЛИ, когда вернут деньги за билет? Смотрите HTTP://HOTEL-DEMO.RU/ORDER?ID=1201   звонить: +7 974 302 3247","[""http://hotel-demo.ru/order?id=1201""]","[""+7 974 302 3247""]",[],[],[],мероприятие отменили когда вернут деньги за билет смотрите [URL] звонить [PHONE],мероприятие отменили когда вернут деньги за билет смотрите звонить ,"[""мероприятие"", ""отменили"", ""вернут"", ""деньги"", ""билет""]","[""мероприятие"", ""отменить"", ""вернуть"", ""деньга"", ""билет""]"
"В БИЛЕТЕ ошибка в фамилии, как исправить данные?? стоимость: 46014 RUB   оформлено 23.12.2026   e-mail: m.smirnova@yandex.ru",[],[],"[""m.smirnova@yandex.ru""]","[""23.12.2026""]","[""46014 rub""]",в билете ошибка в фамилии как исправить данные стоимость [PRICE] оформлено [DATE] e-mail [EMAIL],в билете ошибка в фамилии как исправить данные стоимость оформлено e-mail ,"[""билете"", ""ошибка"", ""фамилии"", ""исправить"", ""данные""]","[""билет"", ""ошибка"", ""фамилия"", ""исправить"", ""дать""]"
🔥 Цена  номера  изменилась  после подтверждения брони. с 26/07/2026 / стоимость: 498 ₽ / звонить: 8 911 651 95 63 ***,[],"[""8 911 651 95 63""]",[],"[""26/07/2026""]",[],цена номера изменилась после подтверждения брони с [DATE] стоимость 498 звонить [PHONE],цена номера изменилась после подтверждения брони с стоимость 498 звонить ,"[""изменилась"", ""подтверждения"", ""брони""]","[""измениться"", ""подтверждение"", ""бронь""]"
🔥 Можно перенести бронь отеля на другую дату без штрафа? смотрите www.hotel-demo.ru/page/204,"[""www.hotel-demo.ru/page/204""]",[],[],[],[],можно перенести бронь отеля на другую дату без штрафа смотрите [URL],можно перенести бронь отеля на другую дату без штрафа смотрите ,"[""перенести"", ""бронь"", ""отеля"", ""другую"", ""штрафа""]","[""перенести"", ""бронь"", ""отель"", ""другой"", ""штраф""]"
"Нужны  два места рядом, но СИСТЕМА рассадила нас отдельно. email: ivan.petrov@yandex.ru | вот СТРАНИЦА https://www.tickets-example.ru/support/205????from=mail | списали: 90 060 рублей","[""https://www.tickets-example.ru/support/205????from=mail""]",[],"[""ivan.petrov@yandex.ru""]",[],"[""90 060 рублей""]",нужны два места рядом но система рассадила нас отдельно email [EMAIL] вот страница [URL] списали [PRICE],нужны два места рядом но система рассадила нас отдельно email вот страница списали ,"[""нужны"", ""два"", ""места"", ""рядом"", ""система"", ""рассадила"", ""отдельно""]","[""нужный"", ""два"", ""место"", ""рядом"", ""система"", ""рассадить"", ""отдельно""]"
"В  билете  ошибка в фамилии, КАК Исправить данные????? СУММА: 1320 RUB | с 2026-03-30 ***",[],[],[],"[""2026-03-30""]","[""1320 rub""]",в билете ошибка в фамилии как исправить данные сумма [PRICE] с [DATE],в билете ошибка в фамилии как исправить данные сумма с ,"[""билете"", ""ошибка"", ""фамилии"", ""исправить"", ""данные""]","[""билет"", ""ошибка"", ""фамилия"", ""исправить"", ""дать""]"
Можно перенести бронь отеля НА другую дату БЕЗ штрафа????? дата 04/01/2027; стоимость: 13 058 ₽,[],[],[],"[""04/01/2027""]",[],можно перенести бронь отеля на другую дату без штрафа дата [DATE] стоимость 13 058,можно перенести бронь отеля на другую дату без штрафа дата стоимость 13 058,"[""перенести"", ""бронь"", ""отеля"", ""другую"", ""штрафа""]","[""перенести"", ""бронь"", ""отель"", ""другой"", ""штраф""]"
Цена номера изменилась после подтверждения брони. оформлено 05/04/2026 | Ссылка: HTTP://TICKETS-EXAMPLE.RU/ORDER????ID=1208 | Стоимость: 90 037 рублей | Тел: +7-976-891-94-25,"[""http://tickets-example.ru/order????id=1208""]","[""+7-976-891-94-25""]",[],"[""05/04/2026""]","[""90 037 рублей""]",цена номера изменилась после подтверждения брони оформлено [DATE] ссылка [URL] стоимость [PRICE] тел [PHONE],цена номера изменилась после подтверждения брони оформлено ссылка стоимость тел ,"[""изменилась"", ""подтверждения"", ""брони""]","[""измениться"", ""подтверждение"", ""бронь""]"
"Мероприятие  отменили,  когда  ВЕРНУТ  деньги за билет?? тел: 8 974 607 62 25; ответьте на: m.smirnova@yandex.ru; URL= Http://hotel-demo.ru/order????id=1209; сумма: 823 ₽","[""http://hotel-demo.ru/order????id=1209""]","[""8 974 607 62 25""]","[""m.smirnova@yandex.ru""]",[],[],мероприятие отменили когда вернут деньги за билет тел [PHONE] ответьте на [EMAIL] url [URL] сумма 823,мероприятие отменили когда вернут деньги за билет тел ответьте на url сумма 823,"[""мероприятие"", ""отменили"", ""вернут"", ""деньги"", ""билет""]","[""мероприятие"", ""отменить"", ""вернуть"", ""деньга"", ""билет""]"
Можно получить электронный чек за билеты? цена: 822 RUB; С 23.03.2026 ###,[],[],[],"[""23.03.2026""]","[""822 rub""]",можно получить электронный чек за билеты цена [PRICE] с [DATE],можно получить электронный чек за билеты цена с ,"[""получить"", ""электронный"", ""чек"", ""билеты""]","[""получить"", ""электронный"", ""чек"", ""билет""]"
"⚠️ Мероприятие отменили, когда вернут деньги за Билет?? e-mail: m.smirnova@mail.ru   цена: 1 317 руб. ***",[],[],"[""m.smirnova@mail.ru""]",[],"[""1 317 руб""]",мероприятие отменили когда вернут деньги за билет e-mail [EMAIL] цена [PRICE],мероприятие отменили когда вернут деньги за билет e-mail цена ,"[""мероприятие"", ""отменили"", ""вернут"", ""деньги"", ""билет""]","[""мероприятие"", ""отменить"", ""вернуть"", ""деньга"", ""билет""]"
Не  открывается  QR код БИЛЕТА В приложении. стоимость: 6013 Rub; почта: m.smirnova@gmail.com; МОЙ НОМЕР: 89971433957; нужно на 2026-03-08,[],"[""89971433957""]","[""m.smirnova@gmail.com""]","[""2026-03-08""]","[""6013 rub""]",не открывается qr код билета в приложении стоимость [PRICE] почта [EMAIL] мой номер [PHONE] нужно на [DATE],не открывается qr код билета в приложении стоимость почта мой номер нужно на ,"[""открывается"", ""qr"", ""код"", ""билета"", ""приложении""]","[""открываться"", ""qr"", ""код"", ""билет"", ""приложение""]"
С  карты  списали деньги два раза за одно бронирование. E-MAIL: help.me@yandex.ru,[],[],"[""help.me@yandex.ru""]",[],[],с карты списали деньги два раза за одно бронирование e-mail [EMAIL],с карты списали деньги два раза за одно бронирование e-mail ,"[""карты"", ""деньги"", ""два"", ""бронирование""]","[""карта"", ""деньга"", ""два"", ""бронирование""]"
ЦЕНА номера ИЗМЕНИЛАСЬ после подтверждения брони. цена: 199 964 рублей | Ссылка: https://www.hotel-demo.ru/support/214?from=mail | нужно на 2027-01-13,"[""https://www.hotel-demo.ru/support/214?from=mail""]",[],[],"[""2027-01-13""]","[""199 964 рублей""]",цена номера изменилась после подтверждения брони цена [PRICE] ссылка [URL] нужно на [DATE],цена номера изменилась после подтверждения брони цена ссылка нужно на ,"[""изменилась"", ""подтверждения"", ""брони""]","[""измениться"", ""подтверждение"", ""бронь""]"
Можно  получить электронный чек за билеты? цена: 124 534 ₽ | звонить: +7 (943) 574-56-83 | почта: TEST.USER@gmail.com,[],"[""+7 943 574-56-83""]","[""test.user@gmail.com""]",[],[],можно получить электронный чек за билеты цена 124 534 звонить [PHONE] почта [EMAIL],можно получить электронный чек за билеты цена 124 534 звонить почта ,"[""получить"", ""электронный"", ""чек"", ""билеты""]","[""получить"", ""электронный"", ""чек"", ""билет""]"
"Нужны ДВА места рядом, но система РАССАДИЛА Нас отдельно. вот страница https://tickets-example.ru/item/216 | почта: TEST.USER@yandex.ru | мой номер: +7 (929) 986-60-33 | стоимость: 6 031 руб.","[""https://tickets-example.ru/item/216""]","[""+7 929 986-60-33""]","[""test.user@yandex.ru""]",[],"[""6 031 руб""]",нужны два места рядом но система рассадила нас отдельно вот страница [URL] почта [EMAIL] мой номер [PHONE] стоимость [PRICE],нужны два места рядом но система рассадила нас отдельно вот страница почта мой номер стоимость ,"[""нужны"", ""два"", ""места"", ""рядом"", ""система"", ""рассадила"", ""отдельно""]","[""нужный"", ""два"", ""место"", ""рядом"", ""система"", ""рассадить"", ""отдельно""]"
🙂 Можно  получить электронный чек за билеты? Ссылка: www.event-book.ru/page/217 | с 13.12.2026 | звонить: +7 (902) 350-57-75,"[""www.event-book.ru/page/217""]","[""+7 902 350-57-75""]",[],"[""13.12.2026""]",[],можно получить электронный чек за билеты ссылка [URL] с [DATE] звонить [PHONE],можно получить электронный чек за билеты ссылка с звонить ,"[""получить"", ""электронный"", ""чек"", ""билеты""]","[""получить"", ""электронный"", ""чек"", ""билет""]"
Можно получить электронный чек за билеты? ССЫЛКА: https://tickets-example.ru/item/218 / дата 26.11.2026 / ТЕЛЕФОН: +7 963 280 3587 !!!,"[""https://tickets-example.ru/item/218""]","[""+7 963 280 3587""]",[],"[""26.11.2026""]",[],можно получить электронный чек за билеты ссылка [URL] дата [DATE] телефон [PHONE],можно получить электронный чек за билеты ссылка дата телефон ,"[""получить"", ""электронный"", ""чек"", ""билеты""]","[""получить"", ""электронный"", ""чек"", ""билет""]"
Можно  получить  ЭЛЕКТРОННЫЙ  чек  за билеты? оформлено 27-09-26 / URL= http://tickets-example.ru/order?id=1219 / мой номер: 89142836378 ...,"[""http://tickets-example.ru/order?id=1219""]","[""89142836378""]",[],"[""27-09-26""]",[],можно получить электронный чек за билеты оформлено [DATE] url [URL] мой номер [PHONE],можно получить электронный чек за билеты оформлено url мой номер ,"[""получить"", ""электронный"", ""чек"", ""билеты""]","[""получить"", ""электронный"", ""чек"", ""билет""]"
Не открывается QR код билета В приложении. email: Help.me@yandex.ru / стоимость: 13 026 рублей / звонить: 8 935 115 57 75 / дата 06.07.2026,[],"[""8 935 115 57 75""]","[""help.me@yandex.ru""]","[""06.07.2026""]","[""13 026 рублей""]",не открывается qr код билета в приложении email [EMAIL] стоимость [PRICE] звонить [PHONE] дата [DATE],не открывается qr код билета в приложении email стоимость звонить дата ,"[""открывается"", ""qr"", ""код"", ""билета"", ""приложении""]","[""открываться"", ""qr"", ""код"", ""билет"", ""приложение""]"
Можно  перенести  бронь отеля на другую дату без штрафа? мой номер: +7-944-518-40-69 | Ссылка: https://event-book.ru/item/221 | ДАТА 2027-01-17,"[""https://event-book.ru/item/221""]","[""+7-944-518-40-69""]",[],"[""2027-01-17""]",[],можно перенести бронь отеля на другую дату без штрафа мой номер [PHONE] ссылка [URL] дата [DATE],можно перенести бронь отеля на другую дату без штрафа мой номер ссылка дата ,"[""перенести"", ""бронь"", ""отеля"", ""другую"", ""штрафа""]","[""перенести"", ""бронь"", ""отель"", ""другой"", ""штраф""]"
Можно перенести бронь отеля на Другую дату без штрафа? дата 2026-11-08 / СПИСАЛИ: 1 376 ₽ / вот страница http://event-book.ru/order?id=1222 / ответьте на: student2026@tickets.example ###,"[""http://event-book.ru/order?id=1222""]",[],"[""student2026@tickets.example""]","[""2026-11-08""]",[],можно перенести бронь отеля на другую дату без штрафа дата [DATE] списали 1 376 вот страница [URL] ответьте на [EMAIL],можно перенести бронь отеля на другую дату без штрафа дата списали 1 376 вот страница ответьте на ,"[""перенести"", ""бронь"", ""отеля"", ""другую"", ""штрафа""]","[""перенести"", ""бронь"", ""отель"", ""другой"", ""штраф""]"
"💸 Купил  билет  на  концерт,  письмо с БИЛЕТОМ не пришло. дата 22.11.2026 / списали: 2589 RUB",[],[],[],"[""22.11.2026""]","[""2589 rub""]",купил билет на концерт письмо с билетом не пришло дата [DATE] списали [PRICE],купил билет на концерт письмо с билетом не пришло дата списали ,"[""купил"", ""билет"", ""концерт"", ""письмо"", ""билетом"", ""пришло""]","[""купить"", ""билет"", ""концерт"", ""письмо"", ""билет"", ""прийти""]"
"Нужны  два  места рядом, но СИСТЕМА рассадила нас отдельно. email: user_661@gmail.com   мой Номер: +7 (933) 733-97-94   вот страница http://tickets-example.ru/order??id=1224","[""http://tickets-example.ru/order??id=1224""]","[""+7 933 733-97-94""]","[""user_661@gmail.com""]",[],[],нужны два места рядом но система рассадила нас отдельно email [EMAIL] мой номер [PHONE] вот страница [URL],нужны два места рядом но система рассадила нас отдельно email мой номер вот страница ,"[""нужны"", ""два"", ""места"", ""рядом"", ""система"", ""рассадила"", ""отдельно""]","[""нужный"", ""два"", ""место"", ""рядом"", ""система"", ""рассадить"", ""отдельно""]"
Можно получить электронный чек за билеты?,[],[],[],[],[],можно получить электронный чек за билеты,можно получить электронный чек за билеты,"[""получить"", ""электронный"", ""чек"", ""билеты""]","[""получить"", ""электронный"", ""чек"", ""билет""]"
"⚠️ Нужны два места рядом, но система рассадила НАС отдельно. телефон: 89557773614   Цена: 124 585 ₽   с 19/03/2026",[],"[""89557773614""]",[],"[""19/03/2026""]",[],нужны два места рядом но система рассадила нас отдельно телефон [PHONE] цена 124 585 с [DATE],нужны два места рядом но система рассадила нас отдельно телефон цена 124 585 с ,"[""нужны"", ""два"", ""места"", ""рядом"", ""система"", ""рассадила"", ""отдельно""]","[""нужный"", ""два"", ""место"", ""рядом"", ""система"", ""рассадить"", ""отдельно""]"
С карты списали деньги два раза за Одно бронирование. E-mail: user_4416@tickets.example | мой номер: 8 928 395 35 82,[],"[""8 928 395 35 82""]","[""user_4416@tickets.example""]",[],[],с карты списали деньги два раза за одно бронирование e-mail [EMAIL] мой номер [PHONE],с карты списали деньги два раза за одно бронирование e-mail мой номер ,"[""карты"", ""деньги"", ""два"", ""бронирование""]","[""карта"", ""деньга"", ""два"", ""бронирование""]"
🔥 Можно перенести бронь отеля на Другую дату без ШТРАФА? звонить: 8 931 919 32 47,[],"[""8 931 919 32 47""]",[],[],[],можно перенести бронь отеля на другую дату без штрафа звонить [PHONE],можно перенести бронь отеля на другую дату без штрафа звонить ,"[""перенести"", ""бронь"", ""отеля"", ""другую"", ""штрафа""]","[""перенести"", ""бронь"", ""отель"", ""другой"", ""штраф""]"
"Купил билет на концерт, письмо с БИЛЕТОМ не пришло. стоимость: 199990 RUB   смотрите www.tickets-example.ru/page/229","[""www.tickets-example.ru/page/229""]",[],[],[],"[""199990 rub""]",купил билет на концерт письмо с билетом не пришло стоимость [PRICE] смотрите [URL],купил билет на концерт письмо с билетом не пришло стоимость смотрите ,"[""купил"", ""билет"", ""концерт"", ""письмо"", ""билетом"", ""пришло""]","[""купить"", ""билет"", ""концерт"", ""письмо"", ""билет"", ""прийти""]"
"В  БИЛЕТЕ  ошибка  в  фамилии, как ИСПРАВИТЬ данные? Ссылка: www.event-book.ru/page/230; с 2026-08-27; email: M.SMIRNOVA@YANDEX.RU; звонить: +7 (901) 301-41-18; Списали: 868 ₽","[""www.event-book.ru/page/230""]","[""+7 901 301-41-18""]","[""m.smirnova@yandex.ru""]","[""2026-08-27""]",[],в билете ошибка в фамилии как исправить данные ссылка [URL] с [DATE] email [EMAIL] звонить [PHONE] списали 868,в билете ошибка в фамилии как исправить данные ссылка с email звонить списали 868,"[""билете"", ""ошибка"", ""фамилии"", ""исправить"", ""данные""]","[""билет"", ""ошибка"", ""фамилия"", ""исправить"", ""дать""]"
Можно  получить  Электронный  ЧЕК за БИЛЕТЫ???? ответьте на: STUDENT2026@YANDEX.RU,[],[],"[""student2026@yandex.ru""]",[],[],можно получить электронный чек за билеты ответьте на [EMAIL],можно получить электронный чек за билеты ответьте на ,"[""получить"", ""электронный"", ""чек"", ""билеты""]","[""получить"", ""электронный"", ""чек"", ""билет""]"
"Нужны два места рядом, но система рассадила нас отдельно. цена: 558 рублей | почта: help.me@yandex.ru | оформлено 22-08-26 | вот страница http://tickets-example.ru/order??id=1232 | телефон: 8 997 260 11 83","[""http://tickets-example.ru/order??id=1232""]","[""8 997 260 11 83""]","[""help.me@yandex.ru""]","[""22-08-26""]","[""558 рублей""]",нужны два места рядом но система рассадила нас отдельно цена [PRICE] почта [EMAIL] оформлено [DATE] вот страница [URL] телефон [PHONE],нужны два места рядом но система рассадила нас отдельно цена почта оформлено вот страница телефон ,"[""нужны"", ""два"", ""места"", ""рядом"", ""система"", ""рассадила"", ""отдельно""]","[""нужный"", ""два"", ""место"", ""рядом"", ""система"", ""рассадить"", ""отдельно""]"
Не открывается QR Код билета в приложении. телефон: +7 947 589 8553; с 03-07-26 !!!,[],"[""+7 947 589 8553""]",[],"[""03-07-26""]",[],не открывается qr код билета в приложении телефон [PHONE] с [DATE],не открывается qr код билета в приложении телефон с ,"[""открывается"", ""qr"", ""код"", ""билета"", ""приложении""]","[""открываться"", ""qr"", ""код"", ""билет"", ""приложение""]"
Цена номера изменилась после подтверждения брони. телефон: 89183037633   email: m.smirnova@mail.ru   оформлено 15.01.2027,[],"[""89183037633""]","[""m.smirnova@mail.ru""]","[""15.01.2027""]",[],цена номера изменилась после подтверждения брони телефон [PHONE] email [EMAIL] оформлено [DATE],цена номера изменилась после подтверждения брони телефон email оформлено ,"[""изменилась"", ""подтверждения"", ""брони""]","[""измениться"", ""подтверждение"", ""бронь""]"
Можно Перенести бронь отеля на другую дату БЕЗ штрафа???? почта: ivan.petrov@gmail.com / СПИСАЛИ: 1331 RUB / нужно на 08.07.2026,[],[],"[""ivan.petrov@gmail.com""]","[""08.07.2026""]","[""1331 rub""]",можно перенести бронь отеля на другую дату без штрафа почта [EMAIL] списали [PRICE] нужно на [DATE],можно перенести бронь отеля на другую дату без штрафа почта списали нужно на ,"[""перенести"", ""бронь"", ""отеля"", ""другую"", ""штрафа""]","[""перенести"", ""бронь"", ""отель"", ""другой"", ""штраф""]"
"🔥 Мероприятие  отменили,  КОГДА вернут деньги ЗА билет? сумма: 6027 RUB",[],[],[],[],"[""6027 rub""]",мероприятие отменили когда вернут деньги за билет сумма [PRICE],мероприятие отменили когда вернут деньги за билет сумма ,"[""мероприятие"", ""отменили"", ""вернут"", ""деньги"", ""билет""]","[""мероприятие"", ""отменить"", ""вернуть"", ""деньга"", ""билет""]"
😡 Можно получить электронный Чек за билеты?? ответьте на: m.smirnova@yandex.ru / звонить: 89971257121 / сумма: 527р / смотрите http://hotel-demo.ru/order?id=1237 / ОФОРМЛЕНО 10/12/2026 ...,"[""http://hotel-demo.ru/order?id=1237""]","[""89971257121""]","[""m.smirnova@yandex.ru""]","[""10/12/2026""]","[""527р""]",можно получить электронный чек за билеты ответьте на [EMAIL] звонить [PHONE] сумма [PRICE] смотрите [URL] оформлено [DATE],можно получить электронный чек за билеты ответьте на звонить сумма смотрите оформлено ,"[""получить"", ""электронный"", ""чек"", ""билеты""]","[""получить"", ""электронный"", ""чек"", ""билет""]"
"Мероприятие  отменили,  когда  вернут  деньги за билет? почта: M.SMIRNOVA@GMAIL.COM / оформлено 18-06-26",[],[],"[""m.smirnova@gmail.com""]","[""18-06-26""]",[],мероприятие отменили когда вернут деньги за билет почта [EMAIL] оформлено [DATE],мероприятие отменили когда вернут деньги за билет почта оформлено ,"[""мероприятие"", ""отменили"", ""вернут"", ""деньги"", ""билет""]","[""мероприятие"", ""отменить"", ""вернуть"", ""деньга"", ""билет""]"
"Нужны  два  места  рядом,  но система рассадила нас отдельно. ответьте на: m.smirnova@tickets.example | тел: 8 922 964 98 78 | СТОИМОСТЬ: 13 058 Рублей | оформлено 10.10.2026 !!!",[],"[""8 922 964 98 78""]","[""m.smirnova@tickets.example""]","[""10.10.2026""]","[""13 058 рублей""]",нужны два места рядом но система рассадила нас отдельно ответьте на [EMAIL] тел [PHONE] стоимость [PRICE] оформлено [DATE],нужны два места рядом но система рассадила нас отдельно ответьте на тел стоимость оформлено ,"[""нужны"", ""два"", ""места"", ""рядом"", ""система"", ""рассадила"", ""отдельно""]","[""нужный"", ""два"", ""место"", ""рядом"", ""система"", ""рассадить"", ""отдельно""]"
"Купил билет на концерт, письмо с билетом не пришло. Оформлено 19/02/2027 / сумма: 90 012 рублей",[],[],[],"[""19/02/2027""]","[""90 012 рублей""]",купил билет на концерт письмо с билетом не пришло оформлено [DATE] сумма [PRICE],купил билет на концерт письмо с билетом не пришло оформлено сумма ,"[""купил"", ""билет"", ""концерт"", ""письмо"", ""билетом"", ""пришло""]","[""купить"", ""билет"", ""концерт"", ""письмо"", ""билет"", ""прийти""]"
"В билете ошибка в фамилии, как ИСПРАВИТЬ данные? списали: 46042 RUB   ответьте на: student2026@tickets.example",[],[],"[""student2026@tickets.example""]",[],"[""46042 rub""]",в билете ошибка в фамилии как исправить данные списали [PRICE] ответьте на [EMAIL],в билете ошибка в фамилии как исправить данные списали ответьте на ,"[""билете"", ""ошибка"", ""фамилии"", ""исправить"", ""данные""]","[""билет"", ""ошибка"", ""фамилия"", ""исправить"", ""дать""]"
"Нужны два МЕСТА рядом, но система рассадила нас отдельно. оформлено 29-05-26",[],[],[],"[""29-05-26""]",[],нужны два места рядом но система рассадила нас отдельно оформлено [DATE],нужны два места рядом но система рассадила нас отдельно оформлено ,"[""нужны"", ""два"", ""места"", ""рядом"", ""система"", ""рассадила"", ""отдельно""]","[""нужный"", ""два"", ""место"", ""рядом"", ""система"", ""рассадить"", ""отдельно""]"
Цена  номера изменилась после подтверждения брони. дата 2026-04-17 | Ссылка: https://www.tickets-example.ru/support/243???from=mail,"[""https://www.tickets-example.ru/support/243???from=mail""]",[],[],"[""2026-04-17""]",[],цена номера изменилась после подтверждения брони дата [DATE] ссылка [URL],цена номера изменилась после подтверждения брони дата ссылка ,"[""изменилась"", ""подтверждения"", ""брони""]","[""измениться"", ""подтверждение"", ""бронь""]"
"Хочу ОТМЕНИТЬ бронирование номера, подскажите условия возврата. URL= https://tickets-example.ru/item/244 / списали: 124 576 ₽ / почта: TEST.USER@tickets.example","[""https://tickets-example.ru/item/244""]",[],"[""test.user@tickets.example""]",[],[],хочу отменить бронирование номера подскажите условия возврата url [URL] списали 124 576 почта [EMAIL],хочу отменить бронирование номера подскажите условия возврата url списали 124 576 почта ,"[""отменить"", ""бронирование"", ""условия"", ""возврата""]","[""отменить"", ""бронирование"", ""условие"", ""возврат""]"
"Купил билет НА концерт, письмо с билетом не пришло. нужно на 21-07-26; сумма: 2 565 ₽; звонить: +7-933-500-27-77",[],"[""+7-933-500-27-77""]",[],"[""21-07-26""]",[],купил билет на концерт письмо с билетом не пришло нужно на [DATE] сумма 2 565 звонить [PHONE],купил билет на концерт письмо с билетом не пришло нужно на сумма 2 565 звонить ,"[""купил"", ""билет"", ""концерт"", ""письмо"", ""билетом"", ""пришло""]","[""купить"", ""билет"", ""концерт"", ""письмо"", ""билет"", ""прийти""]"
😡 Не  открывается  QR  код билета в приложении. вот страница Https://www.event-book.ru/support/246?from=mail | Стоимость: 818 ₽,"[""https://www.event-book.ru/support/246?from=mail""]",[],[],[],[],не открывается qr код билета в приложении вот страница [URL] стоимость 818,не открывается qr код билета в приложении вот страница стоимость 818,"[""открывается"", ""qr"", ""код"", ""билета"", ""приложении""]","[""открываться"", ""qr"", ""код"", ""билет"", ""приложение""]"
"В билете ошибка в фамилии, как исправить данные? нужно на 2026-08-06; email: user_7839@gmail.com; смотрите Www.tickets-example.ru/page/247","[""www.tickets-example.ru/page/247""]",[],"[""user_7839@gmail.com""]","[""2026-08-06""]",[],в билете ошибка в фамилии как исправить данные нужно на [DATE] email [EMAIL] смотрите [URL],в билете ошибка в фамилии как исправить данные нужно на email смотрите ,"[""билете"", ""ошибка"", ""фамилии"", ""исправить"", ""данные""]","[""билет"", ""ошибка"", ""фамилия"", ""исправить"", ""дать""]"
"⚠️ Мероприятие  отменили,  когда  вернут  деньги за билет? телефон: +7 952 468 5160 | списали: 827 рублей | ответьте на: ivan.petrov@mail.ru",[],"[""+7 952 468 5160""]","[""ivan.petrov@mail.ru""]",[],"[""827 рублей""]",мероприятие отменили когда вернут деньги за билет телефон [PHONE] списали [PRICE] ответьте на [EMAIL],мероприятие отменили когда вернут деньги за билет телефон списали ответьте на ,"[""мероприятие"", ""отменили"", ""вернут"", ""деньги"", ""билет""]","[""мероприятие"", ""отменить"", ""вернуть"", ""деньга"", ""билет""]"
С карты списали деньги два раза за одно бронирование. дата 29/12/2026   сумма: 199 954 рублей,[],[],[],"[""29/12/2026""]","[""199 954 рублей""]",с карты списали деньги два раза за одно бронирование дата [DATE] сумма [PRICE],с карты списали деньги два раза за одно бронирование дата сумма ,"[""карты"", ""деньги"", ""два"", ""бронирование""]","[""карта"", ""деньга"", ""два"", ""бронирование""]"
"⚠️ КУПИЛ  билет на КОНЦЕРТ, письмо с билетом не пришло. дата 19/12/2026; стоимость: 886 RUB; URL= https://www.hotel-demo.ru/support/250?from=mail ***","[""https://www.hotel-demo.ru/support/250?from=mail""]",[],[],"[""19/12/2026""]","[""886 rub""]",купил билет на концерт письмо с билетом не пришло дата [DATE] стоимость [PRICE] url [URL],купил билет на концерт письмо с билетом не пришло дата стоимость url ,"[""купил"", ""билет"", ""концерт"", ""письмо"", ""билетом"", ""пришло""]","[""купить"", ""билет"", ""концерт"", ""письмо"", ""билет"", ""прийти""]"
"Мероприятие  отменили, когда вернут деньги за билет? Ссылка: https://event-book.ru/item/251","[""https://event-book.ru/item/251""]",[],[],[],[],мероприятие отменили когда вернут деньги за билет ссылка [URL],мероприятие отменили когда вернут деньги за билет ссылка ,"[""мероприятие"", ""отменили"", ""вернут"", ""деньги"", ""билет""]","[""мероприятие"", ""отменить"", ""вернуть"", ""деньга"", ""билет""]"
"🙂 Хочу отменить бронирование НОМЕРА, подскажите условия возврата. email: help.me@yandex.ru | сумма: 46021р | Ссылка: http://tickets-example.ru/order?id=1252","[""http://tickets-example.ru/order?id=1252""]",[],"[""help.me@yandex.ru""]",[],"[""46021р""]",хочу отменить бронирование номера подскажите условия возврата email [EMAIL] сумма [PRICE] ссылка [URL],хочу отменить бронирование номера подскажите условия возврата email сумма ссылка ,"[""отменить"", ""бронирование"", ""условия"", ""возврата""]","[""отменить"", ""бронирование"", ""условие"", ""возврат""]"
Можно перенести бронь Отеля на другую дату без штрафа? СПИСАЛИ: 888 рублей,[],[],[],[],"[""888 рублей""]",можно перенести бронь отеля на другую дату без штрафа списали [PRICE],можно перенести бронь отеля на другую дату без штрафа списали ,"[""перенести"", ""бронь"", ""отеля"", ""другую"", ""штрафа""]","[""перенести"", ""бронь"", ""отель"", ""другой"", ""штраф""]"
С  карты  списали  деньги  два Раза ЗА одно БРОНИРОВАНИЕ. Нужно на 2027-02-04 !!!,[],[],[],"[""2027-02-04""]",[],с карты списали деньги два раза за одно бронирование нужно на [DATE],с карты списали деньги два раза за одно бронирование нужно на ,"[""карты"", ""деньги"", ""два"", ""бронирование""]","[""карта"", ""деньга"", ""два"", ""бронирование""]"
😡 Не  открывается  QR  код  билета В приложении. тел: +7 (949) 782-11-83 / URL= https://hotel-demo.ru/item/255 / оформлено 2026-08-18 / ответьте на: student2026@yandex.ru ...,"[""https://hotel-demo.ru/item/255""]","[""+7 949 782-11-83""]","[""student2026@yandex.ru""]","[""2026-08-18""]",[],не открывается qr код билета в приложении тел [PHONE] url [URL] оформлено [DATE] ответьте на [EMAIL],не открывается qr код билета в приложении тел url оформлено ответьте на ,"[""открывается"", ""qr"", ""код"", ""билета"", ""приложении""]","[""открываться"", ""qr"", ""код"", ""билет"", ""приложение""]"
"Хочу отменить бронирование номера, подскажите условия возврата. оформлено 22/03/2026 / email: m.smirnova@mail.ru / списали: 6083 RUB",[],[],"[""m.smirnova@mail.ru""]","[""22/03/2026""]","[""6083 rub""]",хочу отменить бронирование номера подскажите условия возврата оформлено [DATE] email [EMAIL] списали [PRICE],хочу отменить бронирование номера подскажите условия возврата оформлено email списали ,"[""отменить"", ""бронирование"", ""условия"", ""возврата""]","[""отменить"", ""бронирование"", ""условие"", ""возврат""]"
Можно перенести бронь отеля на другую дату без штрафа?? смотрите http://hotel-demo.ru/order?id=1257 | e-mail: user_1587@yandex.ru | С 03/11/2026 | телефон: +7-925-538-20-65 | стоимость: 199 950 рублей,"[""http://hotel-demo.ru/order?id=1257""]","[""+7-925-538-20-65""]","[""user_1587@yandex.ru""]","[""03/11/2026""]","[""199 950 рублей""]",можно перенести бронь отеля на другую дату без штрафа смотрите [URL] e-mail [EMAIL] с [DATE] телефон [PHONE] стоимость [PRICE],можно перенести бронь отеля на другую дату без штрафа смотрите e-mail с телефон стоимость ,"[""перенести"", ""бронь"", ""отеля"", ""другую"", ""штрафа""]","[""перенести"", ""бронь"", ""отель"", ""другой"", ""штраф""]"
"⚠️ В билете ошибка в фамилии, как исправить данные? телефон: +7-992-135-81-33 / почта: help.me@gmail.com",[],"[""+7-992-135-81-33""]","[""help.me@gmail.com""]",[],[],в билете ошибка в фамилии как исправить данные телефон [PHONE] почта [EMAIL],в билете ошибка в фамилии как исправить данные телефон почта ,"[""билете"", ""ошибка"", ""фамилии"", ""исправить"", ""данные""]","[""билет"", ""ошибка"", ""фамилия"", ""исправить"", ""дать""]"
Цена номера изменилась после подтверждения брони. оформлено 26/08/2026   e-mail: student2026@gmail.com,[],[],"[""student2026@gmail.com""]","[""26/08/2026""]",[],цена номера изменилась после подтверждения брони оформлено [DATE] e-mail [EMAIL],цена номера изменилась после подтверждения брони оформлено e-mail ,"[""изменилась"", ""подтверждения"", ""брони""]","[""измениться"", ""подтверждение"", ""бронь""]"
"В билете ошибка в фамилии, как исправить данные????? СТОИМОСТЬ: 6 067 Руб.; Ссылка: www.event-book.ru/page/260; звонить: 89014834289","[""www.event-book.ru/page/260""]","[""89014834289""]",[],[],"[""6 067 руб""]",в билете ошибка в фамилии как исправить данные стоимость [PRICE] ссылка [URL] звонить [PHONE],в билете ошибка в фамилии как исправить данные стоимость ссылка звонить ,"[""билете"", ""ошибка"", ""фамилии"", ""исправить"", ""данные""]","[""билет"", ""ошибка"", ""фамилия"", ""исправить"", ""дать""]"
"📌 Хочу ОТМЕНИТЬ бронирование номера, подскажите условия Возврата. оформлено 2026-03-12 ***",[],[],[],"[""2026-03-12""]",[],хочу отменить бронирование номера подскажите условия возврата оформлено [DATE],хочу отменить бронирование номера подскажите условия возврата оформлено ,"[""отменить"", ""бронирование"", ""условия"", ""возврата""]","[""отменить"", ""бронирование"", ""условие"", ""возврат""]"
Не открывается QR код билета в приложении. стоимость: 13026 RUB,[],[],[],[],"[""13026 rub""]",не открывается qr код билета в приложении стоимость [PRICE],не открывается qr код билета в приложении стоимость ,"[""открывается"", ""qr"", ""код"", ""билета"", ""приложении""]","[""открываться"", ""qr"", ""код"", ""билет"", ""приложение""]"
Можно  получить  электронный чек за билеты? email: ivan.petrov@yandex.ru / мой номер: +7 992 177 8160,[],"[""+7 992 177 8160""]","[""ivan.petrov@yandex.ru""]",[],[],можно получить электронный чек за билеты email [EMAIL] мой номер [PHONE],можно получить электронный чек за билеты email мой номер ,"[""получить"", ""электронный"", ""чек"", ""билеты""]","[""получить"", ""электронный"", ""чек"", ""билет""]"
"🙂 В билете ошибка в фамилии, как исправить данные??? Тел: 8 934 789 46 92 | дата 23/03/2026",[],"[""8 934 789 46 92""]",[],"[""23/03/2026""]",[],в билете ошибка в фамилии как исправить данные тел [PHONE] дата [DATE],в билете ошибка в фамилии как исправить данные тел дата ,"[""билете"", ""ошибка"", ""фамилии"", ""исправить"", ""данные""]","[""билет"", ""ошибка"", ""фамилия"", ""исправить"", ""дать""]"
"Мероприятие отменили, когда вернут деньги за билет??",[],[],[],[],[],мероприятие отменили когда вернут деньги за билет,мероприятие отменили когда вернут деньги за билет,"[""мероприятие"", ""отменили"", ""вернут"", ""деньги"", ""билет""]","[""мероприятие"", ""отменить"", ""вернуть"", ""деньга"", ""билет""]"
Можно  перенести  бронь  отеля  на другую дату без штрафа???? почта: help.me@gmail.com; звонить: 89967304317; ССЫЛКА: www.event-book.ru/page/266; списали: 6060 RUB ###,"[""www.event-book.ru/page/266""]","[""89967304317""]","[""help.me@gmail.com""]",[],"[""6060 rub""]",можно перенести бронь отеля на другую дату без штрафа почта [EMAIL] звонить [PHONE] ссылка [URL] списали [PRICE],можно перенести бронь отеля на другую дату без штрафа почта звонить ссылка списали ,"[""перенести"", ""бронь"", ""отеля"", ""другую"", ""штрафа""]","[""перенести"", ""бронь"", ""отель"", ""другой"", ""штраф""]"
Можно получить электронный чек за БИЛЕТЫ????? тел: +7-913-132-71-91 / с 08-08-26 / ответьте НА: TEST.USER@mail.ru,[],"[""+7-913-132-71-91""]","[""test.user@mail.ru""]","[""08-08-26""]",[],можно получить электронный чек за билеты тел [PHONE] с [DATE] ответьте на [EMAIL],можно получить электронный чек за билеты тел с ответьте на ,"[""получить"", ""электронный"", ""чек"", ""билеты""]","[""получить"", ""электронный"", ""чек"", ""билет""]"
Цена НОМЕРА изменилась после подтверждения брони. Ссылка: Https://event-book.ru/item/268   цена: 124530Р,"[""https://event-book.ru/item/268""]",[],[],[],"[""124530р""]",цена номера изменилась после подтверждения брони ссылка [URL] цена [PRICE],цена номера изменилась после подтверждения брони ссылка цена ,"[""изменилась"", ""подтверждения"", ""брони""]","[""измениться"", ""подтверждение"", ""бронь""]"
С карты списали деньги два раза за одно бронирование. звонить: +7-916-369-42-13 | смотрите https://www.tickets-example.ru/support/269?from=mail,"[""https://www.tickets-example.ru/support/269?from=mail""]","[""+7-916-369-42-13""]",[],[],[],с карты списали деньги два раза за одно бронирование звонить [PHONE] смотрите [URL],с карты списали деньги два раза за одно бронирование звонить смотрите ,"[""карты"", ""деньги"", ""два"", ""бронирование""]","[""карта"", ""деньга"", ""два"", ""бронирование""]"
Не  открывается  QR  КОД билета в приложении. ответьте на: Ivan.petrov@yandex.ru / смотрите http://event-book.ru/order?id=1270 / телефон: +7 917 685 6256 / с 23-06-26,"[""http://event-book.ru/order?id=1270""]","[""+7 917 685 6256""]","[""ivan.petrov@yandex.ru""]","[""23-06-26""]",[],не открывается qr код билета в приложении ответьте на [EMAIL] смотрите [URL] телефон [PHONE] с [DATE],не открывается qr код билета в приложении ответьте на смотрите телефон с ,"[""открывается"", ""qr"", ""код"", ""билета"", ""приложении""]","[""открываться"", ""qr"", ""код"", ""билет"", ""приложение""]"
"Мероприятие  отменили,  когда вернут ДЕНЬГИ за билет? e-mail: help.me@tickets.example / с 05-05-26",[],[],"[""help.me@tickets.example""]","[""05-05-26""]",[],мероприятие отменили когда вернут деньги за билет e-mail [EMAIL] с [DATE],мероприятие отменили когда вернут деньги за билет e-mail с ,"[""мероприятие"", ""отменили"", ""вернут"", ""деньги"", ""билет""]","[""мероприятие"", ""отменить"", ""вернуть"", ""деньга"", ""билет""]"
"Нужны два места рядом, но система рассадила нас отдельно. тел: +7-947-329-93-97   email: student2026@yandex.ru",[],"[""+7-947-329-93-97""]","[""student2026@yandex.ru""]",[],[],нужны два места рядом но система рассадила нас отдельно тел [PHONE] email [EMAIL],нужны два места рядом но система рассадила нас отдельно тел email ,"[""нужны"", ""два"", ""места"", ""рядом"", ""система"", ""рассадила"", ""отдельно""]","[""нужный"", ""два"", ""место"", ""рядом"", ""система"", ""рассадить"", ""отдельно""]"
"Купил  билет  на  концерт,  письмо с билетом Не пришло. оформлено 03.11.2026 / почта: m.smirnova@mail.ru / МОЙ номер: +7 (945) 250-62-64",[],"[""+7 945 250-62-64""]","[""m.smirnova@mail.ru""]","[""03.11.2026""]",[],купил билет на концерт письмо с билетом не пришло оформлено [DATE] почта [EMAIL] мой номер [PHONE],купил билет на концерт письмо с билетом не пришло оформлено почта мой номер ,"[""купил"", ""билет"", ""концерт"", ""письмо"", ""билетом"", ""пришло""]","[""купить"", ""билет"", ""концерт"", ""письмо"", ""билет"", ""прийти""]"
"Нужны  два места рядом, но система рассадила нас отдельно. почта: m.smirnova@tickets.example   звонить: +7 (916) 628-90-57   вот страница www.tickets-example.ru/page/274","[""www.tickets-example.ru/page/274""]","[""+7 916 628-90-57""]","[""m.smirnova@tickets.example""]",[],[],нужны два места рядом но система рассадила нас отдельно почта [EMAIL] звонить [PHONE] вот страница [URL],нужны два места рядом но система рассадила нас отдельно почта звонить вот страница ,"[""нужны"", ""два"", ""места"", ""рядом"", ""система"", ""рассадила"", ""отдельно""]","[""нужный"", ""два"", ""место"", ""рядом"", ""система"", ""рассадить"", ""отдельно""]"
"Мероприятие  отменили,  когда  вернут  деньги за БИЛЕТ????? смотрите HTTPS://WWW.TICKETS-EXAMPLE.RU/SUPPORT/275?FROM=MAIL / с 21/06/2026","[""https://www.tickets-example.ru/support/275?from=mail""]",[],[],"[""21/06/2026""]",[],мероприятие отменили когда вернут деньги за билет смотрите [URL] с [DATE],мероприятие отменили когда вернут деньги за билет смотрите с ,"[""мероприятие"", ""отменили"", ""вернут"", ""деньги"", ""билет""]","[""мероприятие"", ""отменить"", ""вернуть"", ""деньга"", ""билет""]"
"😡 Купил билет на концерт, письмо с билетом не пришло. с 21-05-26 | списали: 2550 RUB",[],[],[],"[""21-05-26""]","[""2550 rub""]",купил билет на концерт письмо с билетом не пришло с [DATE] списали [PRICE],купил билет на концерт письмо с билетом не пришло с списали ,"[""купил"", ""билет"", ""концерт"", ""письмо"", ""билетом"", ""пришло""]","[""купить"", ""билет"", ""концерт"", ""письмо"", ""билет"", ""прийти""]"
ЦЕНА номера изменилась после подтверждения брони. нужно на 2027-02-10; Мой номер: 8 906 729 54 62 ###,[],"[""8 906 729 54 62""]",[],"[""2027-02-10""]",[],цена номера изменилась после подтверждения брони нужно на [DATE] мой номер [PHONE],цена номера изменилась после подтверждения брони нужно на мой номер ,"[""изменилась"", ""подтверждения"", ""брони""]","[""измениться"", ""подтверждение"", ""бронь""]"
Можно получить электронный чек за билеты? вот страница https://tickets-example.ru/item/278 | с 2026-08-08 | СПИСАЛИ: 124583р,"[""https://tickets-example.ru/item/278""]",[],[],"[""2026-08-08""]","[""124583р""]",можно получить электронный чек за билеты вот страница [URL] с [DATE] списали [PRICE],можно получить электронный чек за билеты вот страница с списали ,"[""получить"", ""электронный"", ""чек"", ""билеты""]","[""получить"", ""электронный"", ""чек"", ""билет""]"
"Нужны два места РЯДОМ, но система рассадила нас отдельно. тел: +7 (949) 544-96-59",[],"[""+7 949 544-96-59""]",[],[],[],нужны два места рядом но система рассадила нас отдельно тел [PHONE],нужны два места рядом но система рассадила нас отдельно тел ,"[""нужны"", ""два"", ""места"", ""рядом"", ""система"", ""рассадила"", ""отдельно""]","[""нужный"", ""два"", ""место"", ""рядом"", ""система"", ""рассадить"", ""отдельно""]"
"Мероприятие отменили, когда Вернут деньги за билет? списали: 89 995 Руб. | e-mail: help.me@tickets.example | смотрите www.event-book.ru/page/280","[""www.event-book.ru/page/280""]",[],"[""help.me@tickets.example""]",[],"[""89 995 руб""]",мероприятие отменили когда вернут деньги за билет списали [PRICE] e-mail [EMAIL] смотрите [URL],мероприятие отменили когда вернут деньги за билет списали e-mail смотрите ,"[""мероприятие"", ""отменили"", ""вернут"", ""деньги"", ""билет""]","[""мероприятие"", ""отменить"", ""вернуть"", ""деньга"", ""билет""]"
"📌 Мероприятие  ОТМЕНИЛИ, когда вернут деньги за билет???? с 05-03-26",[],[],[],"[""05-03-26""]",[],мероприятие отменили когда вернут деньги за билет с [DATE],мероприятие отменили когда вернут деньги за билет с ,"[""мероприятие"", ""отменили"", ""вернут"", ""деньги"", ""билет""]","[""мероприятие"", ""отменить"", ""вернуть"", ""деньга"", ""билет""]"
"Хочу  отменить бронирование номера, ПОДСКАЖИТЕ УСЛОВИЯ возврата. списали: 539р | дата 18-02-27",[],[],[],"[""18-02-27""]","[""539р""]",хочу отменить бронирование номера подскажите условия возврата списали [PRICE] дата [DATE],хочу отменить бронирование номера подскажите условия возврата списали дата ,"[""отменить"", ""бронирование"", ""условия"", ""возврата""]","[""отменить"", ""бронирование"", ""условие"", ""возврат""]"
"Купил билет на концерт, Письмо с билетом НЕ пришло. стоимость: 90 077 рублей; нужно на 2026-11-28",[],[],[],"[""2026-11-28""]","[""90 077 рублей""]",купил билет на концерт письмо с билетом не пришло стоимость [PRICE] нужно на [DATE],купил билет на концерт письмо с билетом не пришло стоимость нужно на ,"[""купил"", ""билет"", ""концерт"", ""письмо"", ""билетом"", ""пришло""]","[""купить"", ""билет"", ""концерт"", ""письмо"", ""билет"", ""прийти""]"
Цена  номера изменилась ПОСЛЕ подтверждения БРОНИ. Ссылка: https://hotel-demo.ru/item/284; тел: +7 (982) 756-88-87; E-mail: user_2604@mail.ru ...,"[""https://hotel-demo.ru/item/284""]","[""+7 982 756-88-87""]","[""user_2604@mail.ru""]",[],[],цена номера изменилась после подтверждения брони ссылка [URL] тел [PHONE] e-mail [EMAIL],цена номера изменилась после подтверждения брони ссылка тел e-mail ,"[""изменилась"", ""подтверждения"", ""брони""]","[""измениться"", ""подтверждение"", ""бронь""]"
Не ОТКРЫВАЕТСЯ Qr КОД билета в ПРИЛОЖЕНИИ. сумма: 533р; мой номер: 8 986 114 74 88; дата 17-05-26,[],"[""8 986 114 74 88""]",[],"[""17-05-26""]","[""533р""]",не открывается qr код билета в приложении сумма [PRICE] мой номер [PHONE] дата [DATE],не открывается qr код билета в приложении сумма мой номер дата ,"[""открывается"", ""qr"", ""код"", ""билета"", ""приложении""]","[""открываться"", ""qr"", ""код"", ""билет"", ""приложение""]"
"Нужны ДВА места рядом, но система рассадила нас ОТДЕЛЬНО. ОТВЕТЬТЕ на: user_4511@yandex.ru   тел: 89148593696   вот страница https://hotel-demo.ru/item/286","[""https://hotel-demo.ru/item/286""]","[""89148593696""]","[""user_4511@yandex.ru""]",[],[],нужны два места рядом но система рассадила нас отдельно ответьте на [EMAIL] тел [PHONE] вот страница [URL],нужны два места рядом но система рассадила нас отдельно ответьте на тел вот страница ,"[""нужны"", ""два"", ""места"", ""рядом"", ""система"", ""рассадила"", ""отдельно""]","[""нужный"", ""два"", ""место"", ""рядом"", ""система"", ""рассадить"", ""отдельно""]"
"Купил  билет на Концерт, письмо с БИЛЕТОМ НЕ пришло. Ссылка: https://tickets-example.ru/item/287   стоимость: 808 рублей   с 09.08.2026   мой номер: +7-914-537-97-97","[""https://tickets-example.ru/item/287""]","[""+7-914-537-97-97""]",[],"[""09.08.2026""]","[""808 рублей""]",купил билет на концерт письмо с билетом не пришло ссылка [URL] стоимость [PRICE] с [DATE] мой номер [PHONE],купил билет на концерт письмо с билетом не пришло ссылка стоимость с мой номер ,"[""купил"", ""билет"", ""концерт"", ""письмо"", ""билетом"", ""пришло""]","[""купить"", ""билет"", ""концерт"", ""письмо"", ""билет"", ""прийти""]"
"Купил билет на концерт, письмо с билетом не пришло. звонить: +7 (936) 596-16-83; ответьте на: student2026@gmail.com; цена: 2 508 рублей",[],"[""+7 936 596-16-83""]","[""student2026@gmail.com""]",[],"[""2 508 рублей""]",купил билет на концерт письмо с билетом не пришло звонить [PHONE] ответьте на [EMAIL] цена [PRICE],купил билет на концерт письмо с билетом не пришло звонить ответьте на цена ,"[""купил"", ""билет"", ""концерт"", ""письмо"", ""билетом"", ""пришло""]","[""купить"", ""билет"", ""концерт"", ""письмо"", ""билет"", ""прийти""]"
Можно перенести Бронь отеля на другую дату без штрафа????? телефон: +7-960-524-74-72 / стоимость: 6 042 рублей,[],"[""+7-960-524-74-72""]",[],[],"[""6 042 рублей""]",можно перенести бронь отеля на другую дату без штрафа телефон [PHONE] стоимость [PRICE],можно перенести бронь отеля на другую дату без штрафа телефон стоимость ,"[""перенести"", ""бронь"", ""отеля"", ""другую"", ""штрафа""]","[""перенести"", ""бронь"", ""отель"", ""другой"", ""штраф""]"
Не открывается QR код билета В приложении. Стоимость: 840 RUB | дата 08.02.2027 | тел: +7 932 628 5250,[],"[""+7 932 628 5250""]",[],"[""08.02.2027""]","[""840 rub""]",не открывается qr код билета в приложении стоимость [PRICE] дата [DATE] тел [PHONE],не открывается qr код билета в приложении стоимость дата тел ,"[""открывается"", ""qr"", ""код"", ""билета"", ""приложении""]","[""открываться"", ""qr"", ""код"", ""билет"", ""приложение""]"
"Мероприятие  ОТМЕНИЛИ,  когда  вернут  деньги за билет? мой номер: +7 (973) 700-84-11",[],"[""+7 973 700-84-11""]",[],[],[],мероприятие отменили когда вернут деньги за билет мой номер [PHONE],мероприятие отменили когда вернут деньги за билет мой номер ,"[""мероприятие"", ""отменили"", ""вернут"", ""деньги"", ""билет""]","[""мероприятие"", ""отменить"", ""вернуть"", ""деньга"", ""билет""]"
Можно  перенести  бронь  отеля  на другую дату без штрафа???? СУММА: 124 583 ₽; тел: 8 983 160 43 12; дата 23-12-26; Ссылка: http://event-book.ru/order?id=1292,"[""http://event-book.ru/order?id=1292""]","[""8 983 160 43 12""]",[],"[""23-12-26""]",[],можно перенести бронь отеля на другую дату без штрафа сумма 124 583 тел [PHONE] дата [DATE] ссылка [URL],можно перенести бронь отеля на другую дату без штрафа сумма 124 583 тел дата ссылка ,"[""перенести"", ""бронь"", ""отеля"", ""другую"", ""штрафа""]","[""перенести"", ""бронь"", ""отель"", ""другой"", ""штраф""]"
"В билете ошибка в фамилии, как Исправить данные? email: help.me@yandex.ru | телефон: +7 958 769 9676 | URL= http://event-book.ru/order?id=1293","[""http://event-book.ru/order?id=1293""]","[""+7 958 769 9676""]","[""help.me@yandex.ru""]",[],[],в билете ошибка в фамилии как исправить данные email [EMAIL] телефон [PHONE] url [URL],в билете ошибка в фамилии как исправить данные email телефон url ,"[""билете"", ""ошибка"", ""фамилии"", ""исправить"", ""данные""]","[""билет"", ""ошибка"", ""фамилия"", ""исправить"", ""дать""]"
"Нужны два места рядом, но Система рассадила нас отдельно. мой номер: 89806529538   оформлено 06-08-26",[],"[""89806529538""]",[],"[""06-08-26""]",[],нужны два места рядом но система рассадила нас отдельно мой номер [PHONE] оформлено [DATE],нужны два места рядом но система рассадила нас отдельно мой номер оформлено ,"[""нужны"", ""два"", ""места"", ""рядом"", ""система"", ""рассадила"", ""отдельно""]","[""нужный"", ""два"", ""место"", ""рядом"", ""система"", ""рассадить"", ""отдельно""]"
🔥 Можно  получить  электронный  чек  за билеты? смотрите https://www.tickets-example.ru/support/295?from=mail / ответьте на: ivan.petrov@yandex.ru,"[""https://www.tickets-example.ru/support/295?from=mail""]",[],"[""ivan.petrov@yandex.ru""]",[],[],можно получить электронный чек за билеты смотрите [URL] ответьте на [EMAIL],можно получить электронный чек за билеты смотрите ответьте на ,"[""получить"", ""электронный"", ""чек"", ""билеты""]","[""получить"", ""электронный"", ""чек"", ""билет""]"
Цена  номера  ИЗМЕНИЛАСЬ  после  подтверждения БРОНИ. оформлено 28.01.2027; email: student2026@gmail.com; тел: +7 984 173 1065; сумма: 1 294 руб. ???,[],"[""+7 984 173 1065""]","[""student2026@gmail.com""]","[""28.01.2027""]","[""1 294 руб""]",цена номера изменилась после подтверждения брони оформлено [DATE] email [EMAIL] тел [PHONE] сумма [PRICE],цена номера изменилась после подтверждения брони оформлено email тел сумма ,"[""изменилась"", ""подтверждения"", ""брони""]","[""измениться"", ""подтверждение"", ""бронь""]"
"💸 КУПИЛ  БИЛЕТ  на  концерт,  письмо с билетом не пришло. С 19-07-26 | Ссылка: https://www.tickets-example.ru/support/297?from=mail | ответьте на: ivan.petrov@yandex.ru | сумма: 199963р | тел: 89073261732","[""https://www.tickets-example.ru/support/297?from=mail""]","[""89073261732""]","[""ivan.petrov@yandex.ru""]","[""19-07-26""]","[""199963р""]",купил билет на концерт письмо с билетом не пришло с [DATE] ссылка [URL] ответьте на [EMAIL] сумма [PRICE] тел [PHONE],купил билет на концерт письмо с билетом не пришло с ссылка ответьте на сумма тел ,"[""купил"", ""билет"", ""концерт"", ""письмо"", ""билетом"", ""пришло""]","[""купить"", ""билет"", ""концерт"", ""письмо"", ""билет"", ""прийти""]"
Можно  получить электронный чек за билеты????? URL= http://event-book.ru/order?????id=1298   e-mail: ivan.petrov@gmail.com   тел: +7 (979) 416-82-96,"[""http://event-book.ru/order?????id=1298""]","[""+7 979 416-82-96""]","[""ivan.petrov@gmail.com""]",[],[],можно получить электронный чек за билеты url [URL] e-mail [EMAIL] тел [PHONE],можно получить электронный чек за билеты url e-mail тел ,"[""получить"", ""электронный"", ""чек"", ""билеты""]","[""получить"", ""электронный"", ""чек"", ""билет""]"
С карты списали деньги Два раза за одно бронирование. стоимость: 1389р | e-mail: ivan.petrov@tickets.example | оформлено 2026-04-08,[],[],"[""ivan.petrov@tickets.example""]","[""2026-04-08""]","[""1389р""]",с карты списали деньги два раза за одно бронирование стоимость [PRICE] e-mail [EMAIL] оформлено [DATE],с карты списали деньги два раза за одно бронирование стоимость e-mail оформлено ,"[""карты"", ""деньги"", ""два"", ""бронирование""]","[""карта"", ""деньга"", ""два"", ""бронирование""]"
"Мероприятие  отменили,  когда вернут деньги за билет? цена: 819 ₽; СМОТРИТЕ http://tickets-example.ru/order?id=1300; тел: +7 917 616 1990","[""http://tickets-example.ru/order?id=1300""]","[""+7 917 616 1990""]",[],[],[],мероприятие отменили когда вернут деньги за билет цена 819 смотрите [URL] тел [PHONE],мероприятие отменили когда вернут деньги за билет цена 819 смотрите тел ,"[""мероприятие"", ""отменили"", ""вернут"", ""деньги"", ""билет""]","[""мероприятие"", ""отменить"", ""вернуть"", ""деньга"", ""билет""]"
"Мероприятие отменили, когда ВЕРНУТ деньги за БИЛЕТ? стоимость: 6 075 РУБЛЕЙ | звонить: 89698388486 | E-MAIL: m.smirnova@gmail.com",[],"[""89698388486""]","[""m.smirnova@gmail.com""]",[],"[""6 075 рублей""]",мероприятие отменили когда вернут деньги за билет стоимость [PRICE] звонить [PHONE] e-mail [EMAIL],мероприятие отменили когда вернут деньги за билет стоимость звонить e-mail ,"[""мероприятие"", ""отменили"", ""вернут"", ""деньги"", ""билет""]","[""мероприятие"", ""отменить"", ""вернуть"", ""деньга"", ""билет""]"
"Хочу  отменить  БРОНИРОВАНИЕ  номера,  подскажите условия возврата. URL= http://tickets-example.ru/order??id=1302 | стоимость: 90 046 руб. | оформлено 18.06.2026","[""http://tickets-example.ru/order??id=1302""]",[],[],"[""18.06.2026""]","[""90 046 руб""]",хочу отменить бронирование номера подскажите условия возврата url [URL] стоимость [PRICE] оформлено [DATE],хочу отменить бронирование номера подскажите условия возврата url стоимость оформлено ,"[""отменить"", ""бронирование"", ""условия"", ""возврата""]","[""отменить"", ""бронирование"", ""условие"", ""возврат""]"
"Хочу  отменить  БРОНИРОВАНИЕ  номера, подскажите условия возврата. почта: student2026@gmail.com   сумма: 6 066 ₽   звонить: 8 903 952 55 98   оформлено 2026-03-22 ###",[],"[""8 903 952 55 98""]","[""student2026@gmail.com""]","[""2026-03-22""]",[],хочу отменить бронирование номера подскажите условия возврата почта [EMAIL] сумма 6 066 звонить [PHONE] оформлено [DATE],хочу отменить бронирование номера подскажите условия возврата почта сумма 6 066 звонить оформлено ,"[""отменить"", ""бронирование"", ""условия"", ""возврата""]","[""отменить"", ""бронирование"", ""условие"", ""возврат""]"
"Мероприятие  отменили, когда вернут деньги за билет? вот страница http://event-book.ru/order?id=1304 / звонить: +7-944-838-69-95 / цена: 124 543 рублей","[""http://event-book.ru/order?id=1304""]","[""+7-944-838-69-95""]",[],[],"[""124 543 рублей""]",мероприятие отменили когда вернут деньги за билет вот страница [URL] звонить [PHONE] цена [PRICE],мероприятие отменили когда вернут деньги за билет вот страница звонить цена ,"[""мероприятие"", ""отменили"", ""вернут"", ""деньги"", ""билет""]","[""мероприятие"", ""отменить"", ""вернуть"", ""деньга"", ""билет""]"
"Нужны два места рядом, но система Рассадила Нас отдельно. мой НОМЕР: +7 914 395 1895 / URL= https://www.tickets-example.ru/support/305?from=mail ###","[""https://www.tickets-example.ru/support/305?from=mail""]","[""+7 914 395 1895""]",[],[],[],нужны два места рядом но система рассадила нас отдельно мой номер [PHONE] url [URL],нужны два места рядом но система рассадила нас отдельно мой номер url ,"[""нужны"", ""два"", ""места"", ""рядом"", ""система"", ""рассадила"", ""отдельно""]","[""нужный"", ""два"", ""место"", ""рядом"", ""система"", ""рассадить"", ""отдельно""]"
Цена  номера изменилась после подтверждения брони. тел: +7-990-813-78-31 / СПИСАЛИ: 1 299 рублей / смотрите https://www.event-book.ru/support/306?from=mail / нужно на 04.01.2027,"[""https://www.event-book.ru/support/306?from=mail""]","[""+7-990-813-78-31""]",[],"[""04.01.2027""]","[""1 299 рублей""]",цена номера изменилась после подтверждения брони тел [PHONE] списали [PRICE] смотрите [URL] нужно на [DATE],цена номера изменилась после подтверждения брони тел списали смотрите нужно на ,"[""изменилась"", ""подтверждения"", ""брони""]","[""измениться"", ""подтверждение"", ""бронь""]"
"Мероприятие  отменили, когда вернут деньги за билет? ОТВЕТЬТЕ на: m.smirnova@yandex.ru / с 26/07/2026 / URL= http://hotel-demo.ru/order?id=1307 / цена: 518 руб.","[""http://hotel-demo.ru/order?id=1307""]",[],"[""m.smirnova@yandex.ru""]","[""26/07/2026""]","[""518 руб""]",мероприятие отменили когда вернут деньги за билет ответьте на [EMAIL] с [DATE] url [URL] цена [PRICE],мероприятие отменили когда вернут деньги за билет ответьте на с url цена ,"[""мероприятие"", ""отменили"", ""вернут"", ""деньги"", ""билет""]","[""мероприятие"", ""отменить"", ""вернуть"", ""деньга"", ""билет""]"
Можно  перенести  бронь отеля на другую дату БЕЗ штрафа???? вот страница https://www.event-book.ru/support/308????from=mail   списали: 13 086 ₽   оформлено 25.05.2026 ...,"[""https://www.event-book.ru/support/308????from=mail""]",[],[],"[""25.05.2026""]",[],можно перенести бронь отеля на другую дату без штрафа вот страница [URL] списали 13 086 оформлено [DATE],можно перенести бронь отеля на другую дату без штрафа вот страница списали 13 086 оформлено ,"[""перенести"", ""бронь"", ""отеля"", ""другую"", ""штрафа""]","[""перенести"", ""бронь"", ""отель"", ""другой"", ""штраф""]"
"МЕРОПРИЯТИЕ  отменили,  КОГДА  вернут  деньги за билет? мой номер: +7 937 395 9365 | СПИСАЛИ: 90 063 рублей | Ссылка: https://tickets-example.ru/item/309 !!!","[""https://tickets-example.ru/item/309""]","[""+7 937 395 9365""]",[],[],"[""90 063 рублей""]",мероприятие отменили когда вернут деньги за билет мой номер [PHONE] списали [PRICE] ссылка [URL],мероприятие отменили когда вернут деньги за билет мой номер списали ссылка ,"[""мероприятие"", ""отменили"", ""вернут"", ""деньги"", ""билет""]","[""мероприятие"", ""отменить"", ""вернуть"", ""деньга"", ""билет""]"
💸 Цена номера Изменилась после подтверждения брони. ответьте на: help.me@yandex.ru   телефон: +7 (961) 141-56-63   Ссылка: https://www.tickets-example.ru/support/310???from=mail,"[""https://www.tickets-example.ru/support/310???from=mail""]","[""+7 961 141-56-63""]","[""help.me@yandex.ru""]",[],[],цена номера изменилась после подтверждения брони ответьте на [EMAIL] телефон [PHONE] ссылка [URL],цена номера изменилась после подтверждения брони ответьте на телефон ссылка ,"[""изменилась"", ""подтверждения"", ""брони""]","[""измениться"", ""подтверждение"", ""бронь""]"
"😡 ХОЧУ отменить бронирование номера, подскажите условия возврата. мой номер: +7 (951) 434-28-93",[],"[""+7 951 434-28-93""]",[],[],[],хочу отменить бронирование номера подскажите условия возврата мой номер [PHONE],хочу отменить бронирование номера подскажите условия возврата мой номер ,"[""отменить"", ""бронирование"", ""условия"", ""возврата""]","[""отменить"", ""бронирование"", ""условие"", ""возврат""]"
Цена номера изменилась после подтверждения брони. URL= HTTPS://HOTEL-DEMO.RU/ITEM/312   сумма: 124513 RUB   оформлено 26/08/2026,"[""https://hotel-demo.ru/item/312""]",[],[],"[""26/08/2026""]","[""124513 rub""]",цена номера изменилась после подтверждения брони url [URL] сумма [PRICE] оформлено [DATE],цена номера изменилась после подтверждения брони url сумма оформлено ,"[""изменилась"", ""подтверждения"", ""брони""]","[""измениться"", ""подтверждение"", ""бронь""]"
Цена  номера  изменилась  после  подтверждения брони. тел: 89547694972 / Ссылка: http://tickets-example.ru/order?id=1313 / оформлено 2026-08-07 / стоимость: 543 рублей,"[""http://tickets-example.ru/order?id=1313""]","[""89547694972""]",[],"[""2026-08-07""]","[""543 рублей""]",цена номера изменилась после подтверждения брони тел [PHONE] ссылка [URL] оформлено [DATE] стоимость [PRICE],цена номера изменилась после подтверждения брони тел ссылка оформлено стоимость ,"[""изменилась"", ""подтверждения"", ""брони""]","[""измениться"", ""подтверждение"", ""бронь""]"
Можно  перенести  бронь  отеля  на другую дату без Штрафа? с 14/12/2026; URL= Http://event-book.ru/order?id=1314,"[""http://event-book.ru/order?id=1314""]",[],[],"[""14/12/2026""]",[],можно перенести бронь отеля на другую дату без штрафа с [DATE] url [URL],можно перенести бронь отеля на другую дату без штрафа с url ,"[""перенести"", ""бронь"", ""отеля"", ""другую"", ""штрафа""]","[""перенести"", ""бронь"", ""отель"", ""другой"", ""штраф""]"
"В  билете  ошибка  в ФАМИЛИИ, как исправить данные? списали: 199 977 руб.; Ссылка: www.tickets-example.ru/page/315; нужно на 05-06-26; телефон: +7 (970) 551-94-86; ответьте на: user_4599@mail.ru","[""www.tickets-example.ru/page/315""]","[""+7 970 551-94-86""]","[""user_4599@mail.ru""]","[""05-06-26""]","[""199 977 руб""]",в билете ошибка в фамилии как исправить данные списали [PRICE] ссылка [URL] нужно на [DATE] телефон [PHONE] ответьте на [EMAIL],в билете ошибка в фамилии как исправить данные списали ссылка нужно на телефон ответьте на ,"[""билете"", ""ошибка"", ""фамилии"", ""исправить"", ""данные""]","[""билет"", ""ошибка"", ""фамилия"", ""исправить"", ""дать""]"
"🔥 Нужны  два  места рядом, но система рассадила нас Отдельно. стоимость: 867р | дата 04-12-26",[],[],[],"[""04-12-26""]","[""867р""]",нужны два места рядом но система рассадила нас отдельно стоимость [PRICE] дата [DATE],нужны два места рядом но система рассадила нас отдельно стоимость дата ,"[""нужны"", ""два"", ""места"", ""рядом"", ""система"", ""рассадила"", ""отдельно""]","[""нужный"", ""два"", ""место"", ""рядом"", ""система"", ""рассадить"", ""отдельно""]"
Можно  получить  электронный  ЧЕК  за билеты????? звонить: +7 924 736 7368   НУЖНО НА 27-04-26   списали: 6074 RUB,[],"[""+7 924 736 7368""]",[],"[""27-04-26""]","[""6074 rub""]",можно получить электронный чек за билеты звонить [PHONE] нужно на [DATE] списали [PRICE],можно получить электронный чек за билеты звонить нужно на списали ,"[""получить"", ""электронный"", ""чек"", ""билеты""]","[""получить"", ""электронный"", ""чек"", ""билет""]"
"😡 Мероприятие Отменили, когда вернут деньги за билет???? тел: 89225201587 | стоимость: 1 378 руб. | Email: user_7501@tickets.example",[],"[""89225201587""]","[""user_7501@tickets.example""]",[],"[""1 378 руб""]",мероприятие отменили когда вернут деньги за билет тел [PHONE] стоимость [PRICE] email [EMAIL],мероприятие отменили когда вернут деньги за билет тел стоимость email ,"[""мероприятие"", ""отменили"", ""вернут"", ""деньги"", ""билет""]","[""мероприятие"", ""отменить"", ""вернуть"", ""деньга"", ""билет""]"
Можно  перенести  бронь  отеля НА другую дату без штрафа? цена: 46 042 рублей,[],[],[],[],"[""46 042 рублей""]",можно перенести бронь отеля на другую дату без штрафа цена [PRICE],можно перенести бронь отеля на другую дату без штрафа цена ,"[""перенести"", ""бронь"", ""отеля"", ""другую"", ""штрафа""]","[""перенести"", ""бронь"", ""отель"", ""другой"", ""штраф""]"
🙂 Можно перенести бронь отеля на ДРУГУЮ дату без штрафа? списали: 124 547 руб.   дата 2026-03-23   email: ivan.petrov@gmail.com   смотрите www.event-book.ru/page/320   тел: +7 937 351 8960,"[""www.event-book.ru/page/320""]","[""+7 937 351 8960""]","[""ivan.petrov@gmail.com""]","[""2026-03-23""]","[""124 547 руб""]",можно перенести бронь отеля на другую дату без штрафа списали [PRICE] дата [DATE] email [EMAIL] смотрите [URL] тел [PHONE],можно перенести бронь отеля на другую дату без штрафа списали дата email смотрите тел ,"[""перенести"", ""бронь"", ""отеля"", ""другую"", ""штрафа""]","[""перенести"", ""бронь"", ""отель"", ""другой"", ""штраф""]"
"🔥 Нужны  два  места  рядом,  но система рассадила нас отдельно. оформлено 2026-11-27 / URL= https://hotel-demo.ru/item/321 / E-mail: m.smirnova@yandex.ru","[""https://hotel-demo.ru/item/321""]",[],"[""m.smirnova@yandex.ru""]","[""2026-11-27""]",[],нужны два места рядом но система рассадила нас отдельно оформлено [DATE] url [URL] e-mail [EMAIL],нужны два места рядом но система рассадила нас отдельно оформлено url e-mail ,"[""нужны"", ""два"", ""места"", ""рядом"", ""система"", ""рассадила"", ""отдельно""]","[""нужный"", ""два"", ""место"", ""рядом"", ""система"", ""рассадить"", ""отдельно""]"
"В билете ошибка в фамилии, как исправить данные?? дата 10-10-26; цена: 1 293 ₽; телефон: +7-920-709-93-14",[],"[""+7-920-709-93-14""]",[],"[""10-10-26""]",[],в билете ошибка в фамилии как исправить данные дата [DATE] цена 1 293 телефон [PHONE],в билете ошибка в фамилии как исправить данные дата цена 1 293 телефон ,"[""билете"", ""ошибка"", ""фамилии"", ""исправить"", ""данные""]","[""билет"", ""ошибка"", ""фамилия"", ""исправить"", ""дать""]"
Можно получить Электронный чек за билеты? Списали: 876 RUB,[],[],[],[],"[""876 rub""]",можно получить электронный чек за билеты списали [PRICE],можно получить электронный чек за билеты списали ,"[""получить"", ""электронный"", ""чек"", ""билеты""]","[""получить"", ""электронный"", ""чек"", ""билет""]"
Цена  номера  изменилась после подтверждения БРОНИ. e-mail: student2026@tickets.example   Стоимость: 124 544 рублей   мой номер: +7 (995) 634-62-10 ...,[],"[""+7 995 634-62-10""]","[""student2026@tickets.example""]",[],"[""124 544 рублей""]",цена номера изменилась после подтверждения брони e-mail [EMAIL] стоимость [PRICE] мой номер [PHONE],цена номера изменилась после подтверждения брони e-mail стоимость мой номер ,"[""изменилась"", ""подтверждения"", ""брони""]","[""измениться"", ""подтверждение"", ""бронь""]"
Можно перенести бронь отеля на другую дату без ШТРАФА????? с 27.01.2027 / сумма: 6 039 рублей,[],[],[],"[""27.01.2027""]","[""6 039 рублей""]",можно перенести бронь отеля на другую дату без штрафа с [DATE] сумма [PRICE],можно перенести бронь отеля на другую дату без штрафа с сумма ,"[""перенести"", ""бронь"", ""отеля"", ""другую"", ""штрафа""]","[""перенести"", ""бронь"", ""отель"", ""другой"", ""штраф""]"
Не открывается Qr код билета В приложении. вот страница HTTP://HOTEL-DEMO.RU/ORDER??ID=1326; оформлено 23/01/2027; тел: +7-932-880-46-82; сумма: 199915р,"[""http://hotel-demo.ru/order??id=1326""]","[""+7-932-880-46-82""]",[],"[""23/01/2027""]","[""199915р""]",не открывается qr код билета в приложении вот страница [URL] оформлено [DATE] тел [PHONE]; сумма [PRICE],не открывается qr код билета в приложении вот страница оформлено тел ; сумма ,"[""открывается"", ""qr"", ""код"", ""билета"", ""приложении""]","[""открываться"", ""qr"", ""код"", ""билет"", ""приложение""]"
"В  билете  ошибка  в фамилии, Как исправить данные? мой номер: 8 984 311 84 52 / смотрите https://www.event-book.ru/support/327?from=mail / стоимость: 2 512 рублей / Ответьте НА: user_9268@yandex.ru","[""https://www.event-book.ru/support/327?from=mail""]","[""8 984 311 84 52""]","[""user_9268@yandex.ru""]",[],"[""2 512 рублей""]",в билете ошибка в фамилии как исправить данные мой номер [PHONE] смотрите [URL] стоимость [PRICE] ответьте на [EMAIL],в билете ошибка в фамилии как исправить данные мой номер смотрите стоимость ответьте на ,"[""билете"", ""ошибка"", ""фамилии"", ""исправить"", ""данные""]","[""билет"", ""ошибка"", ""фамилия"", ""исправить"", ""дать""]"
"Мероприятие  отменили,  когда  ВЕРНУТ  деньги за билет? E-MAIL: help.me@mail.ru   URL= www.tickets-example.ru/page/328 ???","[""www.tickets-example.ru/page/328""]",[],"[""help.me@mail.ru""]",[],[],мероприятие отменили когда вернут деньги за билет e-mail [EMAIL] url [URL],мероприятие отменили когда вернут деньги за билет e-mail url ,"[""мероприятие"", ""отменили"", ""вернут"", ""деньги"", ""билет""]","[""мероприятие"", ""отменить"", ""вернуть"", ""деньга"", ""билет""]"
💸 Можно перенести бронь отеля на другую дату без штрафа? сумма: 564 рублей ...,[],[],[],[],"[""564 рублей""]",можно перенести бронь отеля на другую дату без штрафа сумма [PRICE],можно перенести бронь отеля на другую дату без штрафа сумма ,"[""перенести"", ""бронь"", ""отеля"", ""другую"", ""штрафа""]","[""перенести"", ""бронь"", ""отель"", ""другой"", ""штраф""]"
"Мероприятие отменили, КОГДА вернут ДЕНЬГИ за билет??? тел: +7-904-361-48-54 | EMAIL: m.smirnova@mail.ru | Ссылка: https://hotel-demo.ru/item/330 | стоимость: 199 920 рублей | дата 20/05/2026","[""https://hotel-demo.ru/item/330""]","[""+7-904-361-48-54""]","[""m.smirnova@mail.ru""]","[""20/05/2026""]","[""199 920 рублей""]",мероприятие отменили когда вернут деньги за билет тел [PHONE] email [EMAIL] ссылка [URL] стоимость [PRICE] дата [DATE],мероприятие отменили когда вернут деньги за билет тел email ссылка стоимость дата ,"[""мероприятие"", ""отменили"", ""вернут"", ""деньги"", ""билет""]","[""мероприятие"", ""отменить"", ""вернуть"", ""деньга"", ""билет""]"
"🙂 Нужны  два  места рядом, но система рассадила НАС отдельно. стоимость: 124561 RUB; вот страница www.tickets-example.ru/page/331","[""www.tickets-example.ru/page/331""]",[],[],[],"[""124561 rub""]",нужны два места рядом но система рассадила нас отдельно стоимость [PRICE] вот страница [URL],нужны два места рядом но система рассадила нас отдельно стоимость вот страница ,"[""нужны"", ""два"", ""места"", ""рядом"", ""система"", ""рассадила"", ""отдельно""]","[""нужный"", ""два"", ""место"", ""рядом"", ""система"", ""рассадить"", ""отдельно""]"
С карты списали деньги два раза за одно бронирование. сумма: 199931 RUB | URL= https://www.tickets-example.ru/support/332???from=mail,"[""https://www.tickets-example.ru/support/332???from=mail""]",[],[],[],"[""199931 rub""]",с карты списали деньги два раза за одно бронирование сумма [PRICE] url [URL],с карты списали деньги два раза за одно бронирование сумма url ,"[""карты"", ""деньги"", ""два"", ""бронирование""]","[""карта"", ""деньга"", ""два"", ""бронирование""]"
"МЕРОПРИЯТИЕ отменили, когда вернут деньги за билет? почта: ivan.petrov@tickets.example | звонить: +7 908 175 4279 | ССЫЛКА: http://event-book.ru/order?id=1333","[""http://event-book.ru/order?id=1333""]","[""+7 908 175 4279""]","[""ivan.petrov@tickets.example""]",[],[],мероприятие отменили когда вернут деньги за билет почта [EMAIL] звонить [PHONE] ссылка [URL],мероприятие отменили когда вернут деньги за билет почта звонить ссылка ,"[""мероприятие"", ""отменили"", ""вернут"", ""деньги"", ""билет""]","[""мероприятие"", ""отменить"", ""вернуть"", ""деньга"", ""билет""]"
"🔥 Нужны два места рядом, но СИСТЕМА рассадила нас отдельно. тел: +7 (974) 643-56-17 / e-mail: ivan.petrov@yandex.ru",[],"[""+7 974 643-56-17""]","[""ivan.petrov@yandex.ru""]",[],[],нужны два места рядом но система рассадила нас отдельно тел [PHONE] e-mail [EMAIL],нужны два места рядом но система рассадила нас отдельно тел e-mail ,"[""нужны"", ""два"", ""места"", ""рядом"", ""система"", ""рассадила"", ""отдельно""]","[""нужный"", ""два"", ""место"", ""рядом"", ""система"", ""рассадить"", ""отдельно""]"
Не открывается QR код билета в приложении. ответьте на: ivan.petrov@tickets.example | мой номер: 89277563924,[],"[""89277563924""]","[""ivan.petrov@tickets.example""]",[],[],не открывается qr код билета в приложении ответьте на [EMAIL] мой номер [PHONE],не открывается qr код билета в приложении ответьте на мой номер ,"[""открывается"", ""qr"", ""код"", ""билета"", ""приложении""]","[""открываться"", ""qr"", ""код"", ""билет"", ""приложение""]"
😡 Можно получить электронный чек за билеты? смотрите www.hotel-demo.ru/page/336 / e-mail: help.me@gmail.com / списали: 90 078 РУБЛЕЙ / телефон: +7 922 466 1384 / с 12/09/2026,"[""www.hotel-demo.ru/page/336""]","[""+7 922 466 1384""]","[""help.me@gmail.com""]","[""12/09/2026""]","[""90 078 рублей""]",можно получить электронный чек за билеты смотрите [URL] e-mail [EMAIL] списали [PRICE] телефон [PHONE] с [DATE],можно получить электронный чек за билеты смотрите e-mail списали телефон с ,"[""получить"", ""электронный"", ""чек"", ""билеты""]","[""получить"", ""электронный"", ""чек"", ""билет""]"
Не открывается QR код билета в приложении. сумма: 199972 RUB,[],[],[],[],"[""199972 rub""]",не открывается qr код билета в приложении сумма [PRICE],не открывается qr код билета в приложении сумма ,"[""открывается"", ""qr"", ""код"", ""билета"", ""приложении""]","[""открываться"", ""qr"", ""код"", ""билет"", ""приложение""]"
С карты списали деньги два раза за одно бронирование. с 26/01/2027,[],[],[],"[""26/01/2027""]",[],с карты списали деньги два раза за одно бронирование с [DATE],с карты списали деньги два раза за одно бронирование с ,"[""карты"", ""деньги"", ""два"", ""бронирование""]","[""карта"", ""деньга"", ""два"", ""бронирование""]"
"🔥 Мероприятие отменили, когда вернут деньги за билет?? Звонить: 8 965 835 53 53",[],"[""8 965 835 53 53""]",[],[],[],мероприятие отменили когда вернут деньги за билет звонить [PHONE],мероприятие отменили когда вернут деньги за билет звонить ,"[""мероприятие"", ""отменили"", ""вернут"", ""деньги"", ""билет""]","[""мероприятие"", ""отменить"", ""вернуть"", ""деньга"", ""билет""]"
"💸 Нужны два МЕСТА рядом, но система рассадила нас отдельно. стоимость: 46018р   тел: +7 990 560 6923",[],"[""+7 990 560 6923""]",[],[],"[""46018р""]",нужны два места рядом но система рассадила нас отдельно стоимость [PRICE] тел [PHONE],нужны два места рядом но система рассадила нас отдельно стоимость тел ,"[""нужны"", ""два"", ""места"", ""рядом"", ""система"", ""рассадила"", ""отдельно""]","[""нужный"", ""два"", ""место"", ""рядом"", ""система"", ""рассадить"", ""отдельно""]"
"Хочу отменить бронирование номера, подскажите условия ВОЗВРАТА. URL= https://www.event-book.ru/support/341????from=mail; нужно на 24.02.2027 ???","[""https://www.event-book.ru/support/341????from=mail""]",[],[],"[""24.02.2027""]",[],хочу отменить бронирование номера подскажите условия возврата url [URL] нужно на [DATE],хочу отменить бронирование номера подскажите условия возврата url нужно на ,"[""отменить"", ""бронирование"", ""условия"", ""возврата""]","[""отменить"", ""бронирование"", ""условие"", ""возврат""]"
"МЕРОПРИЯТИЕ  отменили,  когда  ВЕРНУТ  деньги За билет? мой номер: +7-976-555-68-12   дата 16.08.2026   ответьте на: TEST.USER@gmail.com !!!",[],"[""+7-976-555-68-12""]","[""test.user@gmail.com""]","[""16.08.2026""]",[],мероприятие отменили когда вернут деньги за билет мой номер [PHONE] дата [DATE] ответьте на [EMAIL],мероприятие отменили когда вернут деньги за билет мой номер дата ответьте на ,"[""мероприятие"", ""отменили"", ""вернут"", ""деньги"", ""билет""]","[""мероприятие"", ""отменить"", ""вернуть"", ""деньга"", ""билет""]"
С  карты  СПИСАЛИ  деньги  два раза за одно бронирование. Ссылка: https://www.hotel-demo.ru/support/343???from=mail / оформлено 01/06/2026 ...,"[""https://www.hotel-demo.ru/support/343???from=mail""]",[],[],"[""01/06/2026""]",[],с карты списали деньги два раза за одно бронирование ссылка [URL] оформлено [DATE],с карты списали деньги два раза за одно бронирование ссылка оформлено ,"[""карты"", ""деньги"", ""два"", ""бронирование""]","[""карта"", ""деньга"", ""два"", ""бронирование""]"
"Хочу  отменить  бронирование  НОМЕРА,  подскажите условия возврата. мой номер: 8 937 123 32 10 | цена: 1 290 руб.",[],"[""8 937 123 32 10""]",[],[],"[""1 290 руб""]",хочу отменить бронирование номера подскажите условия возврата мой номер [PHONE] цена [PRICE],хочу отменить бронирование номера подскажите условия возврата мой номер цена ,"[""отменить"", ""бронирование"", ""условия"", ""возврата""]","[""отменить"", ""бронирование"", ""условие"", ""возврат""]"
МОЖНО  получить  электронный  ЧЕК за билеты? почта: help.me@mail.ru / звонить: +7 (995) 134-12-14 / цена: 6 088 руб.,[],"[""+7 995 134-12-14""]","[""help.me@mail.ru""]",[],"[""6 088 руб""]",можно получить электронный чек за билеты почта [EMAIL] звонить [PHONE] цена [PRICE],можно получить электронный чек за билеты почта звонить цена ,"[""получить"", ""электронный"", ""чек"", ""билеты""]","[""получить"", ""электронный"", ""чек"", ""билет""]"
"В билете ОШИБКА в фамилии, как исправить данные??? сумма: 13 076 РУБЛЕЙ; СМОТРИТЕ www.hotel-demo.ru/page/346; с 02.05.2026; e-mail: TEST.USER@yandex.ru; телефон: +7 934 198 5658","[""www.hotel-demo.ru/page/346""]","[""+7 934 198 5658""]","[""test.user@yandex.ru""]","[""02.05.2026""]","[""13 076 рублей""]",в билете ошибка в фамилии как исправить данные сумма [PRICE] смотрите [URL] с [DATE] e-mail [EMAIL] телефон [PHONE],в билете ошибка в фамилии как исправить данные сумма смотрите с e-mail телефон ,"[""билете"", ""ошибка"", ""фамилии"", ""исправить"", ""данные""]","[""билет"", ""ошибка"", ""фамилия"", ""исправить"", ""дать""]"
"📌 КУПИЛ билет на концерт, письмо с билетом не пришло. смотрите https://www.event-book.ru/support/347????from=mail","[""https://www.event-book.ru/support/347????from=mail""]",[],[],[],[],купил билет на концерт письмо с билетом не пришло смотрите [URL],купил билет на концерт письмо с билетом не пришло смотрите ,"[""купил"", ""билет"", ""концерт"", ""письмо"", ""билетом"", ""пришло""]","[""купить"", ""билет"", ""концерт"", ""письмо"", ""билет"", ""прийти""]"
"Мероприятие ОТМЕНИЛИ, когда ВЕРНУТ деньги за билет?? URL= Http://hotel-demo.ru/order?????id=1348; с 05.04.2026","[""http://hotel-demo.ru/order?????id=1348""]",[],[],"[""05.04.2026""]",[],мероприятие отменили когда вернут деньги за билет url [URL] с [DATE],мероприятие отменили когда вернут деньги за билет url с ,"[""мероприятие"", ""отменили"", ""вернут"", ""деньги"", ""билет""]","[""мероприятие"", ""отменить"", ""вернуть"", ""деньга"", ""билет""]"
"Мероприятие отменили, когда вернут деньги за билет??? телефон: +7 (988) 618-53-17 / цена: 46004р / смотрите HTTP://TICKETS-EXAMPLE.RU/ORDER?ID=1349","[""http://tickets-example.ru/order?id=1349""]","[""+7 988 618-53-17""]",[],[],"[""46004р""]",мероприятие отменили когда вернут деньги за билет телефон [PHONE] цена [PRICE] смотрите [URL],мероприятие отменили когда вернут деньги за билет телефон цена смотрите ,"[""мероприятие"", ""отменили"", ""вернут"", ""деньги"", ""билет""]","[""мероприятие"", ""отменить"", ""вернуть"", ""деньга"", ""билет""]"
"Хочу отменить бронирование номера, Подскажите условия возврата. сумма: 1 332 рублей; URL= www.hotel-demo.ru/page/350","[""www.hotel-demo.ru/page/350""]",[],[],[],"[""1 332 рублей""]",хочу отменить бронирование номера подскажите условия возврата сумма [PRICE] url [URL],хочу отменить бронирование номера подскажите условия возврата сумма url ,"[""отменить"", ""бронирование"", ""условия"", ""возврата""]","[""отменить"", ""бронирование"", ""условие"", ""возврат""]"
"Хочу  отменить бронирование номера, ПОДСКАЖИТЕ условия возврата. дата 2027-01-23 / стоимость: 2 585 ₽",[],[],[],"[""2027-01-23""]",[],хочу отменить бронирование номера подскажите условия возврата дата [DATE] стоимость 2 585,хочу отменить бронирование номера подскажите условия возврата дата стоимость 2 585,"[""отменить"", ""бронирование"", ""условия"", ""возврата""]","[""отменить"", ""бронирование"", ""условие"", ""возврат""]"
"В  билете  ошибка  в  фамилии, как исправить данные????? сумма: 90020 RUB   смотрите http://tickets-example.ru/order?id=1352   дата 27.01.2027","[""http://tickets-example.ru/order?id=1352""]",[],[],"[""27.01.2027""]","[""90020 rub""]",в билете ошибка в фамилии как исправить данные сумма [PRICE] смотрите [URL] дата [DATE],в билете ошибка в фамилии как исправить данные сумма смотрите дата ,"[""билете"", ""ошибка"", ""фамилии"", ""исправить"", ""данные""]","[""билет"", ""ошибка"", ""фамилия"", ""исправить"", ""дать""]"
😡 Можно ПЕРЕНЕСТИ бронь отеля на другую дату без штрафа? дата 17-09-26   ТЕЛЕФОН: +7 (965) 538-53-20   URL= https://tickets-example.ru/item/353 ???,"[""https://tickets-example.ru/item/353""]","[""+7 965 538-53-20""]",[],"[""17-09-26""]",[],можно перенести бронь отеля на другую дату без штрафа дата [DATE] телефон [PHONE] url [URL],можно перенести бронь отеля на другую дату без штрафа дата телефон url ,"[""перенести"", ""бронь"", ""отеля"", ""другую"", ""штрафа""]","[""перенести"", ""бронь"", ""отель"", ""другой"", ""штраф""]"
"😡 Купил БИЛЕТ НА концерт, письмо с билетом не пришло. тел: 8 936 831 91 22 / e-mail: TEST.USER@YANDEX.RU / СМОТРИТЕ https://www.event-book.ru/support/354?from=mail / сумма: 90 031 ₽","[""https://www.event-book.ru/support/354?from=mail""]","[""8 936 831 91 22""]","[""test.user@yandex.ru""]",[],[],купил билет на концерт письмо с билетом не пришло тел [PHONE] e-mail [EMAIL] смотрите [URL] сумма 90 031,купил билет на концерт письмо с билетом не пришло тел e-mail смотрите сумма 90 031,"[""купил"", ""билет"", ""концерт"", ""письмо"", ""билетом"", ""пришло""]","[""купить"", ""билет"", ""концерт"", ""письмо"", ""билет"", ""прийти""]"
"Купил билет на Концерт, письмо С билетом не пришло. Email: m.smirnova@gmail.com / цена: 2501р / URL= http://tickets-example.ru/order?id=1355","[""http://tickets-example.ru/order?id=1355""]",[],"[""m.smirnova@gmail.com""]",[],"[""2501р""]",купил билет на концерт письмо с билетом не пришло email [EMAIL] цена [PRICE] url [URL],купил билет на концерт письмо с билетом не пришло email цена url ,"[""купил"", ""билет"", ""концерт"", ""письмо"", ""билетом"", ""пришло""]","[""купить"", ""билет"", ""концерт"", ""письмо"", ""билет"", ""прийти""]"
"Мероприятие отменили, когда Вернут деньги за билет?? ответьте на: m.smirnova@yandex.ru | дата 24-01-27 | мой номер: +7-955-674-96-39 | Ссылка: HTTPS://EVENT-BOOK.RU/ITEM/356","[""https://event-book.ru/item/356""]","[""+7-955-674-96-39""]","[""m.smirnova@yandex.ru""]","[""24-01-27""]",[],мероприятие отменили когда вернут деньги за билет ответьте на [EMAIL] дата [DATE] мой номер [PHONE] ссылка [URL],мероприятие отменили когда вернут деньги за билет ответьте на дата мой номер ссылка ,"[""мероприятие"", ""отменили"", ""вернут"", ""деньги"", ""билет""]","[""мероприятие"", ""отменить"", ""вернуть"", ""деньга"", ""билет""]"
"В  билете  ошибка в Фамилии, как исправить данные??? телефон: 8 989 263 44 16 / нужно на 18-12-26 / цена: 90039 RUB",[],"[""8 989 263 44 16""]",[],"[""18-12-26""]","[""90039 rub""]",в билете ошибка в фамилии как исправить данные телефон [PHONE] нужно на [DATE] цена [PRICE],в билете ошибка в фамилии как исправить данные телефон нужно на цена ,"[""билете"", ""ошибка"", ""фамилии"", ""исправить"", ""данные""]","[""билет"", ""ошибка"", ""фамилия"", ""исправить"", ""дать""]"
😡 Цена НОМЕРА изменилась ПОСЛЕ Подтверждения брони. телефон: +7 (942) 586-39-24 / ОТВЕТЬТЕ на: m.smirnova@gmail.com ***,[],"[""+7 942 586-39-24""]","[""m.smirnova@gmail.com""]",[],[],цена номера изменилась после подтверждения брони телефон [PHONE] ответьте на [EMAIL],цена номера изменилась после подтверждения брони телефон ответьте на ,"[""изменилась"", ""подтверждения"", ""брони""]","[""измениться"", ""подтверждение"", ""бронь""]"
Можно  перенести  бронь  отеля  на другую дату без штрафа? стоимость: 862 рублей / Ссылка: https://www.hotel-demo.ru/support/359?from=mail / ответьте на: student2026@tickets.example,"[""https://www.hotel-demo.ru/support/359?from=mail""]",[],"[""student2026@tickets.example""]",[],"[""862 рублей""]",можно перенести бронь отеля на другую дату без штрафа стоимость [PRICE] ссылка [URL] ответьте на [EMAIL],можно перенести бронь отеля на другую дату без штрафа стоимость ссылка ответьте на ,"[""перенести"", ""бронь"", ""отеля"", ""другую"", ""штрафа""]","[""перенести"", ""бронь"", ""отель"", ""другой"", ""штраф""]"
"ХОЧУ отменить бронирование номера, подскажите условия возврата. оформлено 14-02-27; URL= https://event-book.ru/item/360; стоимость: 1383р; ТЕЛЕФОН: +7 (957) 534-66-45","[""https://event-book.ru/item/360""]","[""+7 957 534-66-45""]",[],"[""14-02-27""]","[""1383р""]",хочу отменить бронирование номера подскажите условия возврата оформлено [DATE] url [URL] стоимость [PRICE] телефон [PHONE],хочу отменить бронирование номера подскажите условия возврата оформлено url стоимость телефон ,"[""отменить"", ""бронирование"", ""условия"", ""возврата""]","[""отменить"", ""бронирование"", ""условие"", ""возврат""]"
Цена номера изменилась после подтверждения брони. почта: user_3521@mail.ru / дата 16/03/2026 / телефон: +7-960-400-13-51 / Стоимость: 6 087 рублей,[],"[""+7-960-400-13-51""]","[""user_3521@mail.ru""]","[""16/03/2026""]","[""6 087 рублей""]",цена номера изменилась после подтверждения брони почта [EMAIL] дата [DATE] телефон [PHONE] стоимость [PRICE],цена номера изменилась после подтверждения брони почта дата телефон стоимость ,"[""изменилась"", ""подтверждения"", ""брони""]","[""измениться"", ""подтверждение"", ""бронь""]"
С карты списали деньги два раза за одно бронирование. e-mail: student2026@yandex.ru | списали: 90 073 руб. | Тел: +7 933 418 9259,[],"[""+7 933 418 9259""]","[""student2026@yandex.ru""]",[],"[""90 073 руб""]",с карты списали деньги два раза за одно бронирование e-mail [EMAIL] списали [PRICE] тел [PHONE],с карты списали деньги два раза за одно бронирование e-mail списали тел ,"[""карты"", ""деньги"", ""два"", ""бронирование""]","[""карта"", ""деньга"", ""два"", ""бронирование""]"
Можно получить электронный чек за билеты???? смотрите https://www.hotel-demo.ru/support/363?from=mail; оформлено 04/02/2027; мой номер: +7 (994) 332-72-72; сумма: 804 рублей,"[""https://www.hotel-demo.ru/support/363?from=mail""]","[""+7 994 332-72-72""]",[],"[""04/02/2027""]","[""804 рублей""]",можно получить электронный чек за билеты смотрите [URL] оформлено [DATE] мой номер [PHONE] сумма [PRICE],можно получить электронный чек за билеты смотрите оформлено мой номер сумма ,"[""получить"", ""электронный"", ""чек"", ""билеты""]","[""получить"", ""электронный"", ""чек"", ""билет""]"
"😡 Купил билет на концерт, письмо с билетом не пришло. СУММА: 6 035 руб.   нужно на 2026-06-27   телефон: 89524178752   email: help.me@tickets.example   Ссылка: https://www.tickets-example.ru/support/364?from=mail","[""https://www.tickets-example.ru/support/364?from=mail""]","[""89524178752""]","[""help.me@tickets.example""]","[""2026-06-27""]","[""6 035 руб""]",купил билет на концерт письмо с билетом не пришло сумма [PRICE] нужно на [DATE] телефон [PHONE] email [EMAIL] ссылка [URL],купил билет на концерт письмо с билетом не пришло сумма нужно на телефон email ссылка ,"[""купил"", ""билет"", ""концерт"", ""письмо"", ""билетом"", ""пришло""]","[""купить"", ""билет"", ""концерт"", ""письмо"", ""билет"", ""прийти""]"
"Нужны  два  МЕСТА  рядом, но система Рассадила нас отдельно. Смотрите http://hotel-demo.ru/order?id=1365   с 2026-08-23 ???","[""http://hotel-demo.ru/order?id=1365""]",[],[],"[""2026-08-23""]",[],нужны два места рядом но система рассадила нас отдельно смотрите [URL] с [DATE],нужны два места рядом но система рассадила нас отдельно смотрите с ,"[""нужны"", ""два"", ""места"", ""рядом"", ""система"", ""рассадила"", ""отдельно""]","[""нужный"", ""два"", ""место"", ""рядом"", ""система"", ""рассадить"", ""отдельно""]"
С  карты  списали Деньги два раза за одно бронирование. мой номер: 89918047331,[],"[""89918047331""]",[],[],[],с карты списали деньги два раза за одно бронирование мой номер [PHONE],с карты списали деньги два раза за одно бронирование мой номер ,"[""карты"", ""деньги"", ""два"", ""бронирование""]","[""карта"", ""деньга"", ""два"", ""бронирование""]"
"💸 Нужны  два  МЕСТА  рядом,  но система рассадила нас Отдельно.",[],[],[],[],[],нужны два места рядом но система рассадила нас отдельно,нужны два места рядом но система рассадила нас отдельно,"[""нужны"", ""два"", ""места"", ""рядом"", ""система"", ""рассадила"", ""отдельно""]","[""нужный"", ""два"", ""место"", ""рядом"", ""система"", ""рассадить"", ""отдельно""]"
"В  билете  ошибка  В  фамилии, Как исправить данные? почта: IVAN.PETROV@MAIL.RU | с 25.08.2026",[],[],"[""ivan.petrov@mail.ru""]","[""25.08.2026""]",[],в билете ошибка в фамилии как исправить данные почта [EMAIL] с [DATE],в билете ошибка в фамилии как исправить данные почта с ,"[""билете"", ""ошибка"", ""фамилии"", ""исправить"", ""данные""]","[""билет"", ""ошибка"", ""фамилия"", ""исправить"", ""дать""]"
Не открывается QR код билета в приложении. Стоимость: 2518 RUB; ССЫЛКА: www.tickets-example.ru/page/369,"[""www.tickets-example.ru/page/369""]",[],[],[],"[""2518 rub""]",не открывается qr код билета в приложении стоимость [PRICE] ссылка [URL],не открывается qr код билета в приложении стоимость ссылка ,"[""открывается"", ""qr"", ""код"", ""билета"", ""приложении""]","[""открываться"", ""qr"", ""код"", ""билет"", ""приложение""]"
⚠️ НЕ открывается QR КОД Билета В приложении. почта: m.smirnova@gmail.com   Сумма: 13002 RUB   ВОТ страница www.tickets-example.ru/page/370,"[""www.tickets-example.ru/page/370""]",[],"[""m.smirnova@gmail.com""]",[],"[""13002 rub""]",не открывается qr код билета в приложении почта [EMAIL] сумма [PRICE] вот страница [URL],не открывается qr код билета в приложении почта сумма вот страница ,"[""открывается"", ""qr"", ""код"", ""билета"", ""приложении""]","[""открываться"", ""qr"", ""код"", ""билет"", ""приложение""]"
"⚠️ Нужны  два места рядом, но система рассадила Нас отдельно. E-MAIL: Help.me@mail.ru / оформлено 2026-03-13 / телефон: 89128474225 / сумма: 90029р",[],"[""89128474225""]","[""help.me@mail.ru""]","[""2026-03-13""]","[""90029р""]",нужны два места рядом но система рассадила нас отдельно e-mail [EMAIL] оформлено [DATE] телефон [PHONE] сумма [PRICE],нужны два места рядом но система рассадила нас отдельно e-mail оформлено телефон сумма ,"[""нужны"", ""два"", ""места"", ""рядом"", ""система"", ""рассадила"", ""отдельно""]","[""нужный"", ""два"", ""место"", ""рядом"", ""система"", ""рассадить"", ""отдельно""]"
С  карты  списали деньги два раза за Одно бронирование. стоимость: 90036 RUB | оформлено 04-12-26 | email: ivan.petrov@tickets.example | телефон: 8 930 278 56 29,[],"[""8 930 278 56 29""]","[""ivan.petrov@tickets.example""]","[""04-12-26""]","[""90036 rub""]",с карты списали деньги два раза за одно бронирование стоимость [PRICE] оформлено [DATE] email [EMAIL] телефон [PHONE],с карты списали деньги два раза за одно бронирование стоимость оформлено email телефон ,"[""карты"", ""деньги"", ""два"", ""бронирование""]","[""карта"", ""деньга"", ""два"", ""бронирование""]"
Не открывается QR код билета в приложении. URL= WWW.EVENT-BOOK.RU/PAGE/373   нужно на 05.02.2027   СПИСАЛИ: 13 024 рублей,"[""www.event-book.ru/page/373""]",[],[],"[""05.02.2027""]","[""13 024 рублей""]",не открывается qr код билета в приложении url [URL] нужно на [DATE] списали [PRICE],не открывается qr код билета в приложении url нужно на списали ,"[""открывается"", ""qr"", ""код"", ""билета"", ""приложении""]","[""открываться"", ""qr"", ""код"", ""билет"", ""приложение""]"
НЕ открывается QR код билета В приложении. сумма: 1345 RUB,[],[],[],[],"[""1345 rub""]",не открывается qr код билета в приложении сумма [PRICE],не открывается qr код билета в приложении сумма ,"[""открывается"", ""qr"", ""код"", ""билета"", ""приложении""]","[""открываться"", ""qr"", ""код"", ""билет"", ""приложение""]"
Не  открывается  QR код билета в приложении. звонить: +7 950 569 4024   email: TEST.USER@yandex.ru   сумма: 2592р,[],"[""+7 950 569 4024""]","[""test.user@yandex.ru""]",[],"[""2592р""]",не открывается qr код билета в приложении звонить [PHONE] email [EMAIL] сумма [PRICE],не открывается qr код билета в приложении звонить email сумма ,"[""открывается"", ""qr"", ""код"", ""билета"", ""приложении""]","[""открываться"", ""qr"", ""код"", ""билет"", ""приложение""]"
"🙂 В билете ошибка в фамилии, как исправить Данные? ДАТА 02/01/2027",[],[],[],"[""02/01/2027""]",[],в билете ошибка в фамилии как исправить данные дата [DATE],в билете ошибка в фамилии как исправить данные дата ,"[""билете"", ""ошибка"", ""фамилии"", ""исправить"", ""данные""]","[""билет"", ""ошибка"", ""фамилия"", ""исправить"", ""дать""]"
Не  открывается  QR код билета в приложении. СПИСАЛИ: 886 рублей / звонить: 89366933361 / email: m.smirnova@mail.ru,[],"[""89366933361""]","[""m.smirnova@mail.ru""]",[],"[""886 рублей""]",не открывается qr код билета в приложении списали [PRICE] звонить [PHONE] email [EMAIL],не открывается qr код билета в приложении списали звонить email ,"[""открывается"", ""qr"", ""код"", ""билета"", ""приложении""]","[""открываться"", ""qr"", ""код"", ""билет"", ""приложение""]"
"Мероприятие отменили, когда вернут деньги за билет? сумма: 882 руб. | вот страница http://tickets-example.ru/order?id=1378 | дата 15-09-26","[""http://tickets-example.ru/order?id=1378""]",[],[],"[""15-09-26""]","[""882 руб""]",мероприятие отменили когда вернут деньги за билет сумма [PRICE] вот страница [URL] дата [DATE],мероприятие отменили когда вернут деньги за билет сумма вот страница дата ,"[""мероприятие"", ""отменили"", ""вернут"", ""деньги"", ""билет""]","[""мероприятие"", ""отменить"", ""вернуть"", ""деньга"", ""билет""]"
Не открывается QR код билета в приложении. смотрите http://tickets-example.ru/order?????id=1379; сумма: 124 564 рублей,"[""http://tickets-example.ru/order?????id=1379""]",[],[],[],"[""124 564 рублей""]",не открывается qr код билета в приложении смотрите [URL] сумма [PRICE],не открывается qr код билета в приложении смотрите сумма ,"[""открывается"", ""qr"", ""код"", ""билета"", ""приложении""]","[""открываться"", ""qr"", ""код"", ""билет"", ""приложение""]"
"В  билете  ОШИБКА в фамилии, как исправить данные?????",[],[],[],[],[],в билете ошибка в фамилии как исправить данные,в билете ошибка в фамилии как исправить данные,"[""билете"", ""ошибка"", ""фамилии"", ""исправить"", ""данные""]","[""билет"", ""ошибка"", ""фамилия"", ""исправить"", ""дать""]"
"Нужны  два места РЯДОМ, но система РАССАДИЛА нас отдельно. сумма: 1310р | email: m.smirnova@yandex.ru",[],[],"[""m.smirnova@yandex.ru""]",[],"[""1310р""]",нужны два места рядом но система рассадила нас отдельно сумма [PRICE] email [EMAIL],нужны два места рядом но система рассадила нас отдельно сумма email ,"[""нужны"", ""два"", ""места"", ""рядом"", ""система"", ""рассадила"", ""отдельно""]","[""нужный"", ""два"", ""место"", ""рядом"", ""система"", ""рассадить"", ""отдельно""]"
"Хочу отменить бронирование номера, подскажите условия возврата. дата 14-01-27 / списали: 199 985 ₽",[],[],[],"[""14-01-27""]",[],хочу отменить бронирование номера подскажите условия возврата дата [DATE] списали 199 985,хочу отменить бронирование номера подскажите условия возврата дата списали 199 985,"[""отменить"", ""бронирование"", ""условия"", ""возврата""]","[""отменить"", ""бронирование"", ""условие"", ""возврат""]"
С  карты списали деньги ДВА раза за одно бронирование. вот страница https://tickets-example.ru/item/383,"[""https://tickets-example.ru/item/383""]",[],[],[],[],с карты списали деньги два раза за одно бронирование вот страница [URL],с карты списали деньги два раза за одно бронирование вот страница ,"[""карты"", ""деньги"", ""два"", ""бронирование""]","[""карта"", ""деньга"", ""два"", ""бронирование""]"
"⚠️ Мероприятие отменили, когда вернут деньги за билет???? email: TEST.USER@mail.ru | вот страница http://hotel-demo.ru/order????id=1384 | цена: 13 002 ₽","[""http://hotel-demo.ru/order????id=1384""]",[],"[""test.user@mail.ru""]",[],[],мероприятие отменили когда вернут деньги за билет email [EMAIL] вот страница [URL] цена 13 002,мероприятие отменили когда вернут деньги за билет email вот страница цена 13 002,"[""мероприятие"", ""отменили"", ""вернут"", ""деньги"", ""билет""]","[""мероприятие"", ""отменить"", ""вернуть"", ""деньга"", ""билет""]"
"Мероприятие отменили, КОГДА вернут деньги за билет?? СМОТРИТЕ https://tickets-example.ru/item/385 | стоимость: 124566 RUB","[""https://tickets-example.ru/item/385""]",[],[],[],"[""124566 rub""]",мероприятие отменили когда вернут деньги за билет смотрите [URL] стоимость [PRICE],мероприятие отменили когда вернут деньги за билет смотрите стоимость ,"[""мероприятие"", ""отменили"", ""вернут"", ""деньги"", ""билет""]","[""мероприятие"", ""отменить"", ""вернуть"", ""деньга"", ""билет""]"
ЦЕНА  Номера изменилась после ПОДТВЕРЖДЕНИЯ брони. ответьте НА: Ivan.petrov@gmail.com,[],[],"[""ivan.petrov@gmail.com""]",[],[],цена номера изменилась после подтверждения брони ответьте на [EMAIL],цена номера изменилась после подтверждения брони ответьте на ,"[""изменилась"", ""подтверждения"", ""брони""]","[""измениться"", ""подтверждение"", ""бронь""]"
"Хочу отменить бронирование номера, подскажите условия возврата. e-mail: ivan.petrov@mail.ru; мой номер: 89822592292; сумма: 6079 RUB",[],"[""89822592292""]","[""ivan.petrov@mail.ru""]",[],"[""6079 rub""]",хочу отменить бронирование номера подскажите условия возврата e-mail [EMAIL] мой номер [PHONE] сумма [PRICE],хочу отменить бронирование номера подскажите условия возврата e-mail мой номер сумма ,"[""отменить"", ""бронирование"", ""условия"", ""возврата""]","[""отменить"", ""бронирование"", ""условие"", ""возврат""]"
"Мероприятие  отменили, когда вернут деньги за билет? дата 2026-09-04 / смотрите http://event-book.ru/order?id=1388 / e-mail: student2026@mail.ru","[""http://event-book.ru/order?id=1388""]",[],"[""student2026@mail.ru""]","[""2026-09-04""]",[],мероприятие отменили когда вернут деньги за билет дата [DATE] смотрите [URL] e-mail [EMAIL],мероприятие отменили когда вернут деньги за билет дата смотрите e-mail ,"[""мероприятие"", ""отменили"", ""вернут"", ""деньги"", ""билет""]","[""мероприятие"", ""отменить"", ""вернуть"", ""деньга"", ""билет""]"
Цена номера Изменилась после подтверждения брони. мой номер: +7-980-633-69-76 / почта: m.smirnova@gmail.com / цена: 46007р,[],"[""+7-980-633-69-76""]","[""m.smirnova@gmail.com""]",[],"[""46007р""]",цена номера изменилась после подтверждения брони мой номер [PHONE] почта [EMAIL] цена [PRICE],цена номера изменилась после подтверждения брони мой номер почта цена ,"[""изменилась"", ""подтверждения"", ""брони""]","[""измениться"", ""подтверждение"", ""бронь""]"
"Хочу  отменить бронирование номера, подскажите УСЛОВИЯ возврата. сумма: 811 руб.; оформлено 06/07/2026",[],[],[],"[""06/07/2026""]","[""811 руб""]",хочу отменить бронирование номера подскажите условия возврата сумма [PRICE] оформлено [DATE],хочу отменить бронирование номера подскажите условия возврата сумма оформлено ,"[""отменить"", ""бронирование"", ""условия"", ""возврата""]","[""отменить"", ""бронирование"", ""условие"", ""возврат""]"
"Мероприятие  отменили,  когда вернут деньги за БИЛЕТ???? мой номер: 8 966 277 73 16 / с 23-03-26 / ССЫЛКА: HTTP://TICKETS-EXAMPLE.RU/ORDER?ID=1391 / списали: 199 932 рублей","[""http://tickets-example.ru/order?id=1391""]","[""8 966 277 73 16""]",[],"[""23-03-26""]","[""199 932 рублей""]",мероприятие отменили когда вернут деньги за билет мой номер [PHONE] с [DATE] ссылка [URL] списали [PRICE],мероприятие отменили когда вернут деньги за билет мой номер с ссылка списали ,"[""мероприятие"", ""отменили"", ""вернут"", ""деньги"", ""билет""]","[""мероприятие"", ""отменить"", ""вернуть"", ""деньга"", ""билет""]"
Можно  Перенести  бронь отеля на ДРУГУЮ дату без Штрафа? телефон: +7-999-969-38-25; вот страница https://www.hotel-demo.ru/support/392?from=mail; нужно на 04/04/2026,"[""https://www.hotel-demo.ru/support/392?from=mail""]","[""+7-999-969-38-25""]",[],"[""04/04/2026""]",[],можно перенести бронь отеля на другую дату без штрафа телефон [PHONE]; вот страница [URL] нужно на [DATE],можно перенести бронь отеля на другую дату без штрафа телефон ; вот страница нужно на ,"[""перенести"", ""бронь"", ""отеля"", ""другую"", ""штрафа""]","[""перенести"", ""бронь"", ""отель"", ""другой"", ""штраф""]"
"📌 Нужны ДВА места рядом, но система рассадила нас отдельно. URL= www.tickets-example.ru/page/393   списали: 832 рублей","[""www.tickets-example.ru/page/393""]",[],[],[],"[""832 рублей""]",нужны два места рядом но система рассадила нас отдельно url [URL] списали [PRICE],нужны два места рядом но система рассадила нас отдельно url списали ,"[""нужны"", ""два"", ""места"", ""рядом"", ""система"", ""рассадила"", ""отдельно""]","[""нужный"", ""два"", ""место"", ""рядом"", ""система"", ""рассадить"", ""отдельно""]"
"Нужны два места рядом, но система рассадила нас отдельно. СУММА: 2 526 ₽ | оформлено 28-08-26",[],[],[],"[""28-08-26""]",[],нужны два места рядом но система рассадила нас отдельно сумма 2 526 оформлено [DATE],нужны два места рядом но система рассадила нас отдельно сумма 2 526 оформлено ,"[""нужны"", ""два"", ""места"", ""рядом"", ""система"", ""рассадила"", ""отдельно""]","[""нужный"", ""два"", ""место"", ""рядом"", ""система"", ""рассадить"", ""отдельно""]"
Не  ОТКРЫВАЕТСЯ  QR Код БИЛЕТА в приложении. e-mail: STUDENT2026@GMAIL.COM   оформлено 2026-08-12   сумма: 13 021 Руб.   вот страница www.hotel-demo.ru/page/395,"[""www.hotel-demo.ru/page/395""]",[],"[""student2026@gmail.com""]","[""2026-08-12""]","[""13 021 руб""]",не открывается qr код билета в приложении e-mail [EMAIL] оформлено [DATE] сумма [PRICE] вот страница [URL],не открывается qr код билета в приложении e-mail оформлено сумма вот страница ,"[""открывается"", ""qr"", ""код"", ""билета"", ""приложении""]","[""открываться"", ""qr"", ""код"", ""билет"", ""приложение""]"
"Мероприятие отменили, когда вернут деньги за билет????? смотрите http://hotel-demo.ru/order?id=1396 / стоимость: 6 050 рублей / почта: m.smirnova@gmail.com","[""http://hotel-demo.ru/order?id=1396""]",[],"[""m.smirnova@gmail.com""]",[],"[""6 050 рублей""]",мероприятие отменили когда вернут деньги за билет смотрите [URL] стоимость [PRICE] почта [EMAIL],мероприятие отменили когда вернут деньги за билет смотрите стоимость почта ,"[""мероприятие"", ""отменили"", ""вернут"", ""деньги"", ""билет""]","[""мероприятие"", ""отменить"", ""вернуть"", ""деньга"", ""билет""]"
"🙂 Хочу  отменить  бронирование  номера,  подскажите условия возврата. сумма: 199972 RUB / ВОТ страница www.hotel-demo.ru/page/397","[""www.hotel-demo.ru/page/397""]",[],[],[],"[""199972 rub""]",хочу отменить бронирование номера подскажите условия возврата сумма [PRICE] вот страница [URL],хочу отменить бронирование номера подскажите условия возврата сумма вот страница ,"[""отменить"", ""бронирование"", ""условия"", ""возврата""]","[""отменить"", ""бронирование"", ""условие"", ""возврат""]"
"Мероприятие отменили, когда вернут деньги за билет????? email: Ivan.petrov@tickets.example / телефон: +7 909 470 5892 / вот страница www.event-book.ru/page/398","[""www.event-book.ru/page/398""]","[""+7 909 470 5892""]","[""ivan.petrov@tickets.example""]",[],[],мероприятие отменили когда вернут деньги за билет email [EMAIL] телефон [PHONE] вот страница [URL],мероприятие отменили когда вернут деньги за билет email телефон вот страница ,"[""мероприятие"", ""отменили"", ""вернут"", ""деньги"", ""билет""]","[""мероприятие"", ""отменить"", ""вернуть"", ""деньга"", ""билет""]"
С карты списали деньги два раза за одно бронирование. Стоимость: 13 065 рублей,[],[],[],[],"[""13 065 рублей""]",с карты списали деньги два раза за одно бронирование стоимость [PRICE],с карты списали деньги два раза за одно бронирование стоимость ,"[""карты"", ""деньги"", ""два"", ""бронирование""]","[""карта"", ""деньга"", ""два"", ""бронирование""]"
💸 Можно получить Электронный чек за билеты?? e-mail: TEST.USER@tickets.example / ТЕЛЕФОН: 8 904 808 29 86 / цена: 13019р / ОФОРМЛЕНО 2026-06-10 ...,[],"[""8 904 808 29 86""]","[""test.user@tickets.example""]","[""2026-06-10""]","[""13019р""]",можно получить электронный чек за билеты e-mail [EMAIL] телефон [PHONE] цена [PRICE] оформлено [DATE],можно получить электронный чек за билеты e-mail телефон цена оформлено ,"[""получить"", ""электронный"", ""чек"", ""билеты""]","[""получить"", ""электронный"", ""чек"", ""билет""]"
📌 ЦЕНА  номера  изменилась после подтверждения брони. цена: 124 569 ₽; звонить: +7 934 908 4223,[],"[""+7 934 908 4223""]",[],[],[],цена номера изменилась после подтверждения брони цена 124 569 звонить [PHONE],цена номера изменилась после подтверждения брони цена 124 569 звонить ,"[""изменилась"", ""подтверждения"", ""брони""]","[""измениться"", ""подтверждение"", ""бронь""]"
Не открывается Qr КОД БИЛЕТА В приложении. стоимость: 2 540 рублей   email: IVAN.PETROV@MAIL.RU,[],[],"[""ivan.petrov@mail.ru""]",[],"[""2 540 рублей""]",не открывается qr код билета в приложении стоимость [PRICE] email [EMAIL],не открывается qr код билета в приложении стоимость email ,"[""открывается"", ""qr"", ""код"", ""билета"", ""приложении""]","[""открываться"", ""qr"", ""код"", ""билет"", ""приложение""]"
"Нужны два места рядом, но СИСТЕМА РАССАДИЛА нас отдельно. мой номер: 8 929 309 25 53 | URL= www.event-book.ru/page/403 | с 2026-08-12","[""www.event-book.ru/page/403""]","[""8 929 309 25 53""]",[],"[""2026-08-12""]",[],нужны два места рядом но система рассадила нас отдельно мой номер [PHONE] url [URL] с [DATE],нужны два места рядом но система рассадила нас отдельно мой номер url с ,"[""нужны"", ""два"", ""места"", ""рядом"", ""система"", ""рассадила"", ""отдельно""]","[""нужный"", ""два"", ""место"", ""рядом"", ""система"", ""рассадить"", ""отдельно""]"
Можно получить электронный чек За БИЛЕТЫ? стоимость: 46002р,[],[],[],[],"[""46002р""]",можно получить электронный чек за билеты стоимость [PRICE],можно получить электронный чек за билеты стоимость ,"[""получить"", ""электронный"", ""чек"", ""билеты""]","[""получить"", ""электронный"", ""чек"", ""билет""]"
"Мероприятие отменили, когда вернут деньги за билет????? вот СТРАНИЦА www.tickets-example.ru/page/405; нужно на 24/03/2026","[""www.tickets-example.ru/page/405""]",[],[],"[""24/03/2026""]",[],мероприятие отменили когда вернут деньги за билет вот страница [URL] нужно на [DATE],мероприятие отменили когда вернут деньги за билет вот страница нужно на ,"[""мероприятие"", ""отменили"", ""вернут"", ""деньги"", ""билет""]","[""мероприятие"", ""отменить"", ""вернуть"", ""деньга"", ""билет""]"
"В билете ошибка в фамилии, как исправить данные? e-mail: ivan.petrov@yandex.ru; тел: +7-974-256-21-85; дата 02/01/2027 ...",[],"[""+7-974-256-21-85""]","[""ivan.petrov@yandex.ru""]","[""02/01/2027""]",[],в билете ошибка в фамилии как исправить данные e-mail [EMAIL] тел [PHONE]; дата [DATE],в билете ошибка в фамилии как исправить данные e-mail тел ; дата ,"[""билете"", ""ошибка"", ""фамилии"", ""исправить"", ""данные""]","[""билет"", ""ошибка"", ""фамилия"", ""исправить"", ""дать""]"
⚠️ С карты списали деньги ДВА раза за одно Бронирование. с 2026-12-14,[],[],[],"[""2026-12-14""]",[],с карты списали деньги два раза за одно бронирование с [DATE],с карты списали деньги два раза за одно бронирование с ,"[""карты"", ""деньги"", ""два"", ""бронирование""]","[""карта"", ""деньга"", ""два"", ""бронирование""]"
"Нужны  два  места  РЯДОМ, но система рассадила НАС отдельно. С 05/12/2026 ???",[],[],[],"[""05/12/2026""]",[],нужны два места рядом но система рассадила нас отдельно с [DATE],нужны два места рядом но система рассадила нас отдельно с ,"[""нужны"", ""два"", ""места"", ""рядом"", ""система"", ""рассадила"", ""отдельно""]","[""нужный"", ""два"", ""место"", ""рядом"", ""система"", ""рассадить"", ""отдельно""]"
"КУПИЛ билет на концерт, письмо с билетом не пришло. смотрите www.tickets-example.ru/page/409 / списали: 12 995 рублей ***","[""www.tickets-example.ru/page/409""]",[],[],[],"[""12 995 рублей""]",купил билет на концерт письмо с билетом не пришло смотрите [URL] списали [PRICE],купил билет на концерт письмо с билетом не пришло смотрите списали ,"[""купил"", ""билет"", ""концерт"", ""письмо"", ""билетом"", ""пришло""]","[""купить"", ""билет"", ""концерт"", ""письмо"", ""билет"", ""прийти""]"
"Хочу отменить бронирование номера, подскажите условия возврата. почта: help.me@yandex.ru ???",[],[],"[""help.me@yandex.ru""]",[],[],хочу отменить бронирование номера подскажите условия возврата почта [EMAIL],хочу отменить бронирование номера подскажите условия возврата почта ,"[""отменить"", ""бронирование"", ""условия"", ""возврата""]","[""отменить"", ""бронирование"", ""условие"", ""возврат""]"
Можно  перенести  бронь отеля на другую дату без штрафа?? стоимость: 46 002 рублей / e-mail: user_6424@mail.ru / Звонить: +7 (922) 370-32-88,[],"[""+7 922 370-32-88""]","[""user_6424@mail.ru""]",[],"[""46 002 рублей""]",можно перенести бронь отеля на другую дату без штрафа стоимость [PRICE] e-mail [EMAIL] звонить [PHONE],можно перенести бронь отеля на другую дату без штрафа стоимость e-mail звонить ,"[""перенести"", ""бронь"", ""отеля"", ""другую"", ""штрафа""]","[""перенести"", ""бронь"", ""отель"", ""другой"", ""штраф""]"
Не открывается QR код билета в приложении. звонить: +7-951-838-52-36 / с 12-03-26 / ОТВЕТЬТЕ на: help.me@gmail.com / смотрите https://www.event-book.ru/support/412??from=mail,"[""https://www.event-book.ru/support/412??from=mail""]","[""+7-951-838-52-36""]","[""help.me@gmail.com""]","[""12-03-26""]",[],не открывается qr код билета в приложении звонить [PHONE] с [DATE] ответьте на [EMAIL] смотрите [URL],не открывается qr код билета в приложении звонить с ответьте на смотрите ,"[""открывается"", ""qr"", ""код"", ""билета"", ""приложении""]","[""открываться"", ""qr"", ""код"", ""билет"", ""приложение""]"
Не открывается QR код билета в Приложении. email: help.me@yandex.ru   вот страница Https://www.event-book.ru/support/413?????from=mail   сумма: 1 339 ₽   нужно на 16-11-26,"[""https://www.event-book.ru/support/413?????from=mail""]",[],"[""help.me@yandex.ru""]","[""16-11-26""]",[],не открывается qr код билета в приложении email [EMAIL] вот страница [URL] сумма 1 339 нужно на [DATE],не открывается qr код билета в приложении email вот страница сумма 1 339 нужно на ,"[""открывается"", ""qr"", ""код"", ""билета"", ""приложении""]","[""открываться"", ""qr"", ""код"", ""билет"", ""приложение""]"
Можно получить электронный чек за Билеты? URL= HTTPS://WWW.HOTEL-DEMO.RU/SUPPORT/414?FROM=MAIL | нужно На 09-07-26 | сумма: 1 298 ₽ | ОТВЕТЬТЕ на: ivan.petrov@mail.ru,"[""https://www.hotel-demo.ru/support/414?from=mail""]",[],"[""ivan.petrov@mail.ru""]","[""09-07-26""]",[],можно получить электронный чек за билеты url [URL] нужно на [DATE] сумма 1 298 ответьте на [EMAIL],можно получить электронный чек за билеты url нужно на сумма 1 298 ответьте на ,"[""получить"", ""электронный"", ""чек"", ""билеты""]","[""получить"", ""электронный"", ""чек"", ""билет""]"
Можно получить электронный ЧЕК за билеты??? ответьте НА: user_2370@yandex.ru | Мой Номер: +7 (929) 109-56-74,[],"[""+7 929 109-56-74""]","[""user_2370@yandex.ru""]",[],[],можно получить электронный чек за билеты ответьте на [EMAIL] мой номер [PHONE],можно получить электронный чек за билеты ответьте на мой номер ,"[""получить"", ""электронный"", ""чек"", ""билеты""]","[""получить"", ""электронный"", ""чек"", ""билет""]"
Не открывается QR код билета в приложении. стоимость: 2572р   ТЕЛ: +7 (945) 472-20-55 ...,[],"[""+7 945 472-20-55""]",[],[],"[""2572р""]",не открывается qr код билета в приложении стоимость [PRICE] тел [PHONE],не открывается qr код билета в приложении стоимость тел ,"[""открывается"", ""qr"", ""код"", ""билета"", ""приложении""]","[""открываться"", ""qr"", ""код"", ""билет"", ""приложение""]"
"Мероприятие отменили, когда вернут деньги за билет????? с 24/03/2026; мой номер: 8 964 753 87 59; URL= www.event-book.ru/page/417; Цена: 46003р","[""www.event-book.ru/page/417""]","[""8 964 753 87 59""]",[],"[""24/03/2026""]","[""46003р""]",мероприятие отменили когда вернут деньги за билет с [DATE] мой номер [PHONE] url [URL] цена [PRICE],мероприятие отменили когда вернут деньги за билет с мой номер url цена ,"[""мероприятие"", ""отменили"", ""вернут"", ""деньги"", ""билет""]","[""мероприятие"", ""отменить"", ""вернуть"", ""деньга"", ""билет""]"
😡 Можно  ПЕРЕНЕСТИ  бронь  ОТЕЛЯ на другую дату без штрафа??? списали: 501 руб.; EMAIL: student2026@yandex.ru,[],[],"[""student2026@yandex.ru""]",[],"[""501 руб""]",можно перенести бронь отеля на другую дату без штрафа списали [PRICE] email [EMAIL],можно перенести бронь отеля на другую дату без штрафа списали email ,"[""перенести"", ""бронь"", ""отеля"", ""другую"", ""штрафа""]","[""перенести"", ""бронь"", ""отель"", ""другой"", ""штраф""]"
"Хочу отменить бронирование номера, подскажите условия возврата. телефон: +7 996 427 3869 | нужно на 03.10.2026 | ответьте на: ivan.petrov@yandex.ru",[],"[""+7 996 427 3869""]","[""ivan.petrov@yandex.ru""]","[""03.10.2026""]",[],хочу отменить бронирование номера подскажите условия возврата телефон [PHONE] нужно на [DATE] ответьте на [EMAIL],хочу отменить бронирование номера подскажите условия возврата телефон нужно на ответьте на ,"[""отменить"", ""бронирование"", ""условия"", ""возврата""]","[""отменить"", ""бронирование"", ""условие"", ""возврат""]"
"⚠️ Купил билет НА концерт, письмо с билетом не пришло. СМОТРИТЕ https://www.tickets-example.ru/support/420?from=mail / оформлено 14-05-26 / цена: 2 591 руб.","[""https://www.tickets-example.ru/support/420?from=mail""]",[],[],"[""14-05-26""]","[""2 591 руб""]",купил билет на концерт письмо с билетом не пришло смотрите [URL] оформлено [DATE] цена [PRICE],купил билет на концерт письмо с билетом не пришло смотрите оформлено цена ,"[""купил"", ""билет"", ""концерт"", ""письмо"", ""билетом"", ""пришло""]","[""купить"", ""билет"", ""концерт"", ""письмо"", ""билет"", ""прийти""]"
НЕ открывается QR код билета в приложении. почта: student2026@gmail.com,[],[],"[""student2026@gmail.com""]",[],[],не открывается qr код билета в приложении почта [EMAIL],не открывается qr код билета в приложении почта ,"[""открывается"", ""qr"", ""код"", ""билета"", ""приложении""]","[""открываться"", ""qr"", ""код"", ""билет"", ""приложение""]"
"🔥 Купил билет на концерт, письмо с билетом не пришло. ответьте НА: user_4028@mail.ru",[],[],"[""user_4028@mail.ru""]",[],[],купил билет на концерт письмо с билетом не пришло ответьте на [EMAIL],купил билет на концерт письмо с билетом не пришло ответьте на ,"[""купил"", ""билет"", ""концерт"", ""письмо"", ""билетом"", ""пришло""]","[""купить"", ""билет"", ""концерт"", ""письмо"", ""билет"", ""прийти""]"
"В  билете ошибка В фамилии, как исправить данные?? почта: IVAN.PETROV@MAIL.RU   списали: 1311 RUB ???",[],[],"[""ivan.petrov@mail.ru""]",[],"[""1311 rub""]",в билете ошибка в фамилии как исправить данные почта [EMAIL] списали [PRICE],в билете ошибка в фамилии как исправить данные почта списали ,"[""билете"", ""ошибка"", ""фамилии"", ""исправить"", ""данные""]","[""билет"", ""ошибка"", ""фамилия"", ""исправить"", ""дать""]"
Можно  получить  электронный чек ЗА билеты? цена: 124 588 руб. | дата 2026-12-30,[],[],[],"[""2026-12-30""]","[""124 588 руб""]",можно получить электронный чек за билеты цена [PRICE] дата [DATE],можно получить электронный чек за билеты цена дата ,"[""получить"", ""электронный"", ""чек"", ""билеты""]","[""получить"", ""электронный"", ""чек"", ""билет""]"
С карты списали Деньги два РАЗА за одно бронирование. email: TEST.USER@gmail.com   оформлено 05.01.2027,[],[],"[""test.user@gmail.com""]","[""05.01.2027""]",[],с карты списали деньги два раза за одно бронирование email [EMAIL] оформлено [DATE],с карты списали деньги два раза за одно бронирование email оформлено ,"[""карты"", ""деньги"", ""два"", ""бронирование""]","[""карта"", ""деньга"", ""два"", ""бронирование""]"
Цена номера изменилась после ПОДТВЕРЖДЕНИЯ брони. НУЖНО На 25/06/2026   URL= HTTP://EVENT-BOOK.RU/ORDER?????ID=1426,"[""http://event-book.ru/order?????id=1426""]",[],[],"[""25/06/2026""]",[],цена номера изменилась после подтверждения брони нужно на [DATE] url [URL],цена номера изменилась после подтверждения брони нужно на url ,"[""изменилась"", ""подтверждения"", ""брони""]","[""измениться"", ""подтверждение"", ""бронь""]"
"🙂 Мероприятие  отменили,  когда  вернут  деньги за БИЛЕТ? звонить: +7 937 606 8858; вот страница https://hotel-demo.ru/item/427","[""https://hotel-demo.ru/item/427""]","[""+7 937 606 8858""]",[],[],[],мероприятие отменили когда вернут деньги за билет звонить [PHONE] вот страница [URL],мероприятие отменили когда вернут деньги за билет звонить вот страница ,"[""мероприятие"", ""отменили"", ""вернут"", ""деньги"", ""билет""]","[""мероприятие"", ""отменить"", ""вернуть"", ""деньга"", ""билет""]"
Не открывается QR код билета в приложении. email: m.smirnova@tickets.example   сумма: 1 345 ₽   нужно на 08-09-26 ###,[],[],"[""m.smirnova@tickets.example""]","[""08-09-26""]",[],не открывается qr код билета в приложении email [EMAIL] сумма 1 345 нужно на [DATE],не открывается qr код билета в приложении email сумма 1 345 нужно на ,"[""открывается"", ""qr"", ""код"", ""билета"", ""приложении""]","[""открываться"", ""qr"", ""код"", ""билет"", ""приложение""]"
🔥 Не Открывается QR код билета в приложении. Ссылка: https://tickets-example.ru/item/429 | цена: 199916Р | мой номер: 89349373384,"[""https://tickets-example.ru/item/429""]","[""89349373384""]",[],[],"[""199916р""]",не открывается qr код билета в приложении ссылка [URL] цена [PRICE] мой номер [PHONE],не открывается qr код билета в приложении ссылка цена мой номер ,"[""открывается"", ""qr"", ""код"", ""билета"", ""приложении""]","[""открываться"", ""qr"", ""код"", ""билет"", ""приложение""]"
С карты списали ДЕНЬГИ два раза ЗА Одно бронирование. ответьте на: student2026@mail.ru; нужно на 02.09.2026; цена: 822 рублей; Ссылка: https://hotel-demo.ru/item/430,"[""https://hotel-demo.ru/item/430""]",[],"[""student2026@mail.ru""]","[""02.09.2026""]","[""822 рублей""]",с карты списали деньги два раза за одно бронирование ответьте на [EMAIL] нужно на [DATE] цена [PRICE] ссылка [URL],с карты списали деньги два раза за одно бронирование ответьте на нужно на цена ссылка ,"[""карты"", ""деньги"", ""два"", ""бронирование""]","[""карта"", ""деньга"", ""два"", ""бронирование""]"
"🙂 Нужны  два  места  рядом, но система рассадила нас отдельно. почта: help.me@tickets.example / стоимость: 853 руб. / вот страница https://event-book.ru/item/431 / ТЕЛЕФОН: +7 (989) 888-32-91 ***","[""https://event-book.ru/item/431""]","[""+7 989 888-32-91""]","[""help.me@tickets.example""]",[],"[""853 руб""]",нужны два места рядом но система рассадила нас отдельно почта [EMAIL] стоимость [PRICE] вот страница [URL] телефон [PHONE],нужны два места рядом но система рассадила нас отдельно почта стоимость вот страница телефон ,"[""нужны"", ""два"", ""места"", ""рядом"", ""система"", ""рассадила"", ""отдельно""]","[""нужный"", ""два"", ""место"", ""рядом"", ""система"", ""рассадить"", ""отдельно""]"
Не  открывается  QR код билета в приложении. Ссылка: https://event-book.ru/item/432; ответьте на: user_1079@tickets.example; ЗВОНИТЬ: +7-933-380-85-48,"[""https://event-book.ru/item/432""]","[""+7-933-380-85-48""]","[""user_1079@tickets.example""]",[],[],не открывается qr код билета в приложении ссылка [URL] ответьте на [EMAIL] звонить [PHONE],не открывается qr код билета в приложении ссылка ответьте на звонить ,"[""открывается"", ""qr"", ""код"", ""билета"", ""приложении""]","[""открываться"", ""qr"", ""код"", ""билет"", ""приложение""]"
"⚠️ Хочу отменить бронирование Номера, подскажите УСЛОВИЯ возврата. Ссылка: www.tickets-example.ru/page/433; почта: help.me@mail.ru","[""www.tickets-example.ru/page/433""]",[],"[""help.me@mail.ru""]",[],[],хочу отменить бронирование номера подскажите условия возврата ссылка [URL] почта [EMAIL],хочу отменить бронирование номера подскажите условия возврата ссылка почта ,"[""отменить"", ""бронирование"", ""условия"", ""возврата""]","[""отменить"", ""бронирование"", ""условие"", ""возврат""]"
💸 Цена номера изменилась после подтверждения брони. мой номер: 8 992 127 38 66 / цена: 816 ₽,[],"[""8 992 127 38 66""]",[],[],[],цена номера изменилась после подтверждения брони мой номер [PHONE] цена 816,цена номера изменилась после подтверждения брони мой номер цена 816,"[""изменилась"", ""подтверждения"", ""брони""]","[""измениться"", ""подтверждение"", ""бронь""]"
"Нужны два места рядом, но система рассадила Нас отдельно. мой номер: +7-903-338-78-31; оформлено 2027-01-12; ЦЕНА: 124 595 руб.",[],"[""+7-903-338-78-31""]",[],"[""2027-01-12""]","[""124 595 руб""]",нужны два места рядом но система рассадила нас отдельно мой номер [PHONE]; оформлено [DATE] цена [PRICE],нужны два места рядом но система рассадила нас отдельно мой номер ; оформлено цена ,"[""нужны"", ""два"", ""места"", ""рядом"", ""система"", ""рассадила"", ""отдельно""]","[""нужный"", ""два"", ""место"", ""рядом"", ""система"", ""рассадить"", ""отдельно""]"
"📌 Хочу отменить бронирование номера, подскажите условия возврата. стоимость: 124 568 ₽ / с 27/10/2026 / email: student2026@yandex.ru / звонить: +7 (963) 184-72-69",[],"[""+7 963 184-72-69""]","[""student2026@yandex.ru""]","[""27/10/2026""]",[],хочу отменить бронирование номера подскажите условия возврата стоимость 124 568 с [DATE] email [EMAIL] звонить [PHONE],хочу отменить бронирование номера подскажите условия возврата стоимость 124 568 с email звонить ,"[""отменить"", ""бронирование"", ""условия"", ""возврата""]","[""отменить"", ""бронирование"", ""условие"", ""возврат""]"
"Нужны ДВА места рядом, но система рассадила нас отдельно. мой номер: +7 985 113 3853 / Стоимость: 90081р / email: help.me@mail.ru / нужно на 2026-03-07",[],"[""+7 985 113 3853""]","[""help.me@mail.ru""]","[""2026-03-07""]","[""90081р""]",нужны два места рядом но система рассадила нас отдельно мой номер [PHONE] стоимость [PRICE] email [EMAIL] нужно на [DATE],нужны два места рядом но система рассадила нас отдельно мой номер стоимость email нужно на ,"[""нужны"", ""два"", ""места"", ""рядом"", ""система"", ""рассадила"", ""отдельно""]","[""нужный"", ""два"", ""место"", ""рядом"", ""система"", ""рассадить"", ""отдельно""]"
С  карты списали деньги два РАЗА за ОДНО БРОНИРОВАНИЕ. вот страница https://www.event-book.ru/support/438??from=mail,"[""https://www.event-book.ru/support/438??from=mail""]",[],[],[],[],с карты списали деньги два раза за одно бронирование вот страница [URL],с карты списали деньги два раза за одно бронирование вот страница ,"[""карты"", ""деньги"", ""два"", ""бронирование""]","[""карта"", ""деньга"", ""два"", ""бронирование""]"
"В билете ошибка В фамилии, как исправить данные? URL= https://event-book.ru/item/439","[""https://event-book.ru/item/439""]",[],[],[],[],в билете ошибка в фамилии как исправить данные url [URL],в билете ошибка в фамилии как исправить данные url ,"[""билете"", ""ошибка"", ""фамилии"", ""исправить"", ""данные""]","[""билет"", ""ошибка"", ""фамилия"", ""исправить"", ""дать""]"
"Мероприятие отменили, когда вернут деньги за билет? мой номер: 8 935 348 38 14 / с 2026-07-08 / сумма: 869 ₽",[],"[""8 935 348 38 14""]",[],"[""2026-07-08""]",[],мероприятие отменили когда вернут деньги за билет мой номер [PHONE] с [DATE] сумма 869,мероприятие отменили когда вернут деньги за билет мой номер с сумма 869,"[""мероприятие"", ""отменили"", ""вернут"", ""деньги"", ""билет""]","[""мероприятие"", ""отменить"", ""вернуть"", ""деньга"", ""билет""]"
"💸 Купил  билет на концерт, письмо с билетом не пришло. сумма: 90 086 руб. | Ссылка: www.tickets-example.ru/page/441","[""www.tickets-example.ru/page/441""]",[],[],[],"[""90 086 руб""]",купил билет на концерт письмо с билетом не пришло сумма [PRICE] ссылка [URL],купил билет на концерт письмо с билетом не пришло сумма ссылка ,"[""купил"", ""билет"", ""концерт"", ""письмо"", ""билетом"", ""пришло""]","[""купить"", ""билет"", ""концерт"", ""письмо"", ""билет"", ""прийти""]"
💸 Можно перенести бронь отеля на другую дату без штрафа??? сумма: 89 993 ₽ | email: IVAN.PETROV@YANDEX.RU | URL= http://event-book.ru/order??id=1442,"[""http://event-book.ru/order??id=1442""]",[],"[""ivan.petrov@yandex.ru""]",[],[],можно перенести бронь отеля на другую дату без штрафа сумма 89 993 email [EMAIL] url [URL],можно перенести бронь отеля на другую дату без штрафа сумма 89 993 email url ,"[""перенести"", ""бронь"", ""отеля"", ""другую"", ""штрафа""]","[""перенести"", ""бронь"", ""отель"", ""другой"", ""штраф""]"
"🔥 МЕРОПРИЯТИЕ отменили, когда вернут ДЕНЬГИ за билет? СПИСАЛИ: 124545р",[],[],[],[],"[""124545р""]",мероприятие отменили когда вернут деньги за билет списали [PRICE],мероприятие отменили когда вернут деньги за билет списали ,"[""мероприятие"", ""отменили"", ""вернут"", ""деньги"", ""билет""]","[""мероприятие"", ""отменить"", ""вернуть"", ""деньга"", ""билет""]"
📌 С карты списали деньги два раза за одно бронирование. смотрите www.tickets-example.ru/page/444; оформлено 2026-06-17; email: ivan.petrov@mail.ru; стоимость: 2547 RUB,"[""www.tickets-example.ru/page/444""]",[],"[""ivan.petrov@mail.ru""]","[""2026-06-17""]","[""2547 rub""]",с карты списали деньги два раза за одно бронирование смотрите [URL] оформлено [DATE] email [EMAIL] стоимость [PRICE],с карты списали деньги два раза за одно бронирование смотрите оформлено email стоимость ,"[""карты"", ""деньги"", ""два"", ""бронирование""]","[""карта"", ""деньга"", ""два"", ""бронирование""]"
"Хочу отменить бронирование номера, подскажите условия возврата. мой номер: +7 (928) 154-64-56   дата 19.04.2026   списали: 124 533 рублей   URL= https://www.hotel-demo.ru/support/445????from=mail","[""https://www.hotel-demo.ru/support/445????from=mail""]","[""+7 928 154-64-56""]",[],"[""19.04.2026""]","[""124 533 рублей""]",хочу отменить бронирование номера подскажите условия возврата мой номер [PHONE] дата [DATE] списали [PRICE] url [URL],хочу отменить бронирование номера подскажите условия возврата мой номер дата списали url ,"[""отменить"", ""бронирование"", ""условия"", ""возврата""]","[""отменить"", ""бронирование"", ""условие"", ""возврат""]"
Не  Открывается QR код билета в приложении. списали: 852 RUB; дата 2027-02-10; вот страница Www.hotel-demo.ru/page/446; e-mail: TEST.USER@gmail.com,"[""www.hotel-demo.ru/page/446""]",[],"[""test.user@gmail.com""]","[""2027-02-10""]","[""852 rub""]",не открывается qr код билета в приложении списали [PRICE] дата [DATE] вот страница [URL] e-mail [EMAIL],не открывается qr код билета в приложении списали дата вот страница e-mail ,"[""открывается"", ""qr"", ""код"", ""билета"", ""приложении""]","[""открываться"", ""qr"", ""код"", ""билет"", ""приложение""]"
"Нужны  два  места  рядом, но система рассадила нас отдельно. ###",[],[],[],[],[],нужны два места рядом но система рассадила нас отдельно,нужны два места рядом но система рассадила нас отдельно,"[""нужны"", ""два"", ""места"", ""рядом"", ""система"", ""рассадила"", ""отдельно""]","[""нужный"", ""два"", ""место"", ""рядом"", ""система"", ""рассадить"", ""отдельно""]"
🔥 Можно перенести бронь отеля на ДРУГУЮ дату без Штрафа???? почта: TEST.USER@mail.ru | стоимость: 567 RUB | дата 04/05/2026,[],[],"[""test.user@mail.ru""]","[""04/05/2026""]","[""567 rub""]",можно перенести бронь отеля на другую дату без штрафа почта [EMAIL] стоимость [PRICE] дата [DATE],можно перенести бронь отеля на другую дату без штрафа почта стоимость дата ,"[""перенести"", ""бронь"", ""отеля"", ""другую"", ""штрафа""]","[""перенести"", ""бронь"", ""отель"", ""другой"", ""штраф""]"
"В  билете ошибка в фамилии, как исправить данные??? нужно на 11-10-26   ответьте НА: m.smirnova@tickets.example   звонить: +7-944-221-25-25 ***",[],"[""+7-944-221-25-25""]","[""m.smirnova@tickets.example""]","[""11-10-26""]",[],в билете ошибка в фамилии как исправить данные нужно на [DATE] ответьте на [EMAIL] звонить [PHONE],в билете ошибка в фамилии как исправить данные нужно на ответьте на звонить ,"[""билете"", ""ошибка"", ""фамилии"", ""исправить"", ""данные""]","[""билет"", ""ошибка"", ""фамилия"", ""исправить"", ""дать""]"
🙂 Можно перенести бронь отеля на Другую дату без штрафа??? смотрите https://hotel-demo.ru/item/450,"[""https://hotel-demo.ru/item/450""]",[],[],[],[],можно перенести бронь отеля на другую дату без штрафа смотрите [URL],можно перенести бронь отеля на другую дату без штрафа смотрите ,"[""перенести"", ""бронь"", ""отеля"", ""другую"", ""штрафа""]","[""перенести"", ""бронь"", ""отель"", ""другой"", ""штраф""]"
